scope,model,seed,evaluation,brier,ece,ece_bins,threshold
matched_100hz,reference_100hz,42,primary,0.018209252690979113,0.012121230473652272,10,0.33547660015868663
matched_100hz,reference_100hz,42,raw_fixed_0_5,0.01999491859358102,0.01947727571133495,10,0.5
matched_100hz,reference_100hz,42,calibrated_fixed_0_5,0.018209252690979113,0.012121230473652272,10,0.5
matched_100hz,reference_100hz,43,primary,0.01789988601361303,0.011597423554878855,10,0.34686306307715054
matched_100hz,reference_100hz,43,raw_fixed_0_5,0.01839803005982121,0.01586553769360797,10,0.5
matched_100hz,reference_100hz,43,calibrated_fixed_0_5,0.01789988601361303,0.011597423554878855,10,0.5
matched_100hz,reference_100hz,44,primary,0.017383919030775886,0.00936909848235553,10,0.1958772282973742
matched_100hz,reference_100hz,44,raw_fixed_0_5,0.023844253165769793,0.02454053453009559,10,0.5
matched_100hz,reference_100hz,44,calibrated_fixed_0_5,0.017383919030775886,0.00936909848235553,10,0.5
matched_100hz,tiny_100hz,42,primary,0.02786596567154846,0.01379900192910091,10,0.016031658962758207
matched_100hz,tiny_100hz,42,raw_fixed_0_5,0.04132900368130176,0.044224499188818274,10,0.5
matched_100hz,tiny_100hz,42,calibrated_fixed_0_5,0.02786596567154846,0.01379900192910091,10,0.5
matched_100hz,tiny_100hz,43,primary,0.022743010384008742,0.009193566706369182,10,0.11998794821716446
matched_100hz,tiny_100hz,43,raw_fixed_0_5,0.039349915411453794,0.053589783088589873,10,0.5
matched_100hz,tiny_100hz,43,calibrated_fixed_0_5,0.022743010384008742,0.009193566706369182,10,0.5
matched_100hz,tiny_100hz,44,primary,0.027786969742396136,0.019616840094823555,10,0.40693049387163316
matched_100hz,tiny_100hz,44,raw_fixed_0_5,0.04261969801777032,0.05176550877796414,10,0.5
matched_100hz,tiny_100hz,44,calibrated_fixed_0_5,0.027786969742396136,0.019616840094823555,10,0.5
benchmark_100hz,afficient_419,42,primary,0.03832102185479463,0.019663953074994,10,0.27515616418017813
benchmark_100hz,afficient_419,42,raw_fixed_0_5,0.07127136995512001,0.11954502252911173,10,0.5
benchmark_100hz,afficient_419,42,calibrated_fixed_0_5,0.03832102185479463,0.019663953074994,10,0.5
benchmark_100hz,afficient_419,43,primary,0.03986907804002559,0.013495338487251991,10,0.19980610619138825
benchmark_100hz,afficient_419,43,raw_fixed_0_5,0.2642348534961341,0.44397331890269165,10,0.5
benchmark_100hz,afficient_419,43,calibrated_fixed_0_5,0.03986907804002559,0.013495338487251991,10,0.5
benchmark_100hz,afficient_419,44,primary,0.04633270853972599,0.01729473199731307,10,0.055837530318484395
benchmark_100hz,afficient_419,44,raw_fixed_0_5,0.32798648100345984,0.47371379171305517,10,0.5
benchmark_100hz,afficient_419,44,calibrated_fixed_0_5,0.04633270853972599,0.01729473199731307,10,0.5
benchmark_100hz,basso_ph_multiscopic,42,primary,0.020156400044508985,0.01136811532269657,10,0.15602681300213952
benchmark_100hz,basso_ph_multiscopic,42,raw_fixed_0_5,0.025021516909125123,0.02387154462200085,10,0.5
benchmark_100hz,basso_ph_multiscopic,42,calibrated_fixed_0_5,0.020156400044508985,0.01136811532269657,10,0.5
benchmark_100hz,basso_ph_multiscopic,43,primary,0.01829427759101551,0.01666700827578103,10,0.48103931105972175
benchmark_100hz,basso_ph_multiscopic,43,raw_fixed_0_5,0.02228747226549817,0.020799016612802375,10,0.5
benchmark_100hz,basso_ph_multiscopic,43,calibrated_fixed_0_5,0.01829427759101551,0.01666700827578103,10,0.5
benchmark_100hz,basso_ph_multiscopic,44,primary,0.018031888938201752,0.012526648705748112,10,0.19722929627854363
benchmark_100hz,basso_ph_multiscopic,44,raw_fixed_0_5,0.023207132637222055,0.022168807742967016,10,0.5
benchmark_100hz,basso_ph_multiscopic,44,calibrated_fixed_0_5,0.018031888938201752,0.012526648705748112,10,0.5
benchmark_100hz,busia_transformer,42,primary,0.029350788638685794,0.011345661093790326,10,0.2527452811494476
benchmark_100hz,busia_transformer,42,raw_fixed_0_5,0.06403852081907101,0.10040196071440179,10,0.5
benchmark_100hz,busia_transformer,42,calibrated_fixed_0_5,0.029350788638685794,0.011345661093790326,10,0.5
benchmark_100hz,busia_transformer,43,primary,0.02901509257351589,0.0095744502108729,10,0.10300712282825168
benchmark_100hz,busia_transformer,43,raw_fixed_0_5,0.0625861177558206,0.09680645227004761,10,0.5
benchmark_100hz,busia_transformer,43,calibrated_fixed_0_5,0.02901509257351589,0.0095744502108729,10,0.5
benchmark_100hz,busia_transformer,44,primary,0.026868057767592362,0.011505357508909103,10,0.1488369701155635
benchmark_100hz,busia_transformer,44,raw_fixed_0_5,0.051352025926293725,0.07676072452188595,10,0.5
benchmark_100hz,busia_transformer,44,calibrated_fixed_0_5,0.026868057767592362,0.011505357508909103,10,0.5
benchmark_100hz,smaller_238,42,primary,0.02804808493696001,0.016777104205092618,10,0.024032146254221183
benchmark_100hz,smaller_238,42,raw_fixed_0_5,0.10235031328180051,0.27007728626192584,10,0.5
benchmark_100hz,smaller_238,42,calibrated_fixed_0_5,0.02804808493696001,0.016777104205092618,10,0.5
benchmark_100hz,smaller_238,43,primary,0.044665485748961085,0.034165486389291774,10,0.054044348174139806
benchmark_100hz,smaller_238,43,raw_fixed_0_5,0.12956456006521364,0.29602698146619927,10,0.5
benchmark_100hz,smaller_238,43,calibrated_fixed_0_5,0.044665485748961085,0.034165486389291774,10,0.5
benchmark_100hz,smaller_238,44,primary,0.05298151288421863,0.009358580323796906,10,0.10406515460284751
benchmark_100hz,smaller_238,44,raw_fixed_0_5,0.12734101466901654,0.2387564108838833,10,0.5
benchmark_100hz,smaller_238,44,calibrated_fixed_0_5,0.05298151288421863,0.009358580323796906,10,0.5
