scope,model,seed,n,positives,prevalence,auroc,auprc,ranking_score,auprc_method,random_auprc,pr_trapezoid_auc,accuracy,balanced_accuracy,sensitivity,specificity,ppv,npv,f1,false_discovery_rate,false_positives_per_1000_ecgs,missed_af_per_1000_ecgs,referral_fraction,brier,log_loss,ece,ece_bins,threshold,tn,fp,fn,tp
matched_100hz,reference_100hz,42,2198,152,0.06915377616014559,0.9764270463548902,0.8496641245118955,raw_logit,average_precision,0.06915377616014559,0.8486120399544445,0.9795268425841674,0.9189657611771365,0.8486842105263158,0.989247311827957,0.8543046357615894,0.9887640449438202,0.8514851485148515,0.1456953642384106,10.009099181073703,10.464058234758872,0.06869881710646042,0.018209252690979113,0.07011433609477527,0.012121230246541763,10,0.33547660015868663,2024,22,23,129
matched_100hz,reference_100hz,43,2198,152,0.06915377616014559,0.9798612182950044,0.847836061435043,raw_logit,average_precision,0.06915377616014559,0.8439479699498227,0.9799818016378526,0.9253003292689201,0.8618421052631579,0.9887585532746823,0.8506493506493507,0.9897260273972602,0.8562091503267973,0.14935064935064934,10.464058234758872,9.554140127388536,0.07006369426751592,0.01789988601361303,0.06890372763478571,0.011597423046846207,10,0.34686306307715054,2023,23,21,131
matched_100hz,reference_100hz,44,2198,152,0.06915377616014559,0.9789544425580079,0.8602633201208061,raw_logit,average_precision,0.06915377616014559,0.8595003793346463,0.9749772520473158,0.9469729124864948,0.9144736842105263,0.9794721407624634,0.7679558011049724,0.993554784333168,0.8348348348348348,0.23204419889502761,19.10828025477707,5.914467697907188,0.08234758871701547,0.017383919030775886,0.06824510880854681,0.009369098310539649,10,0.1958772282973742,2004,42,13,139
matched_100hz,tiny_100hz,42,2198,152,0.06915377616014559,0.9680538406132634,0.7145513937275605,raw_logit,average_precision,0.06915377616014559,0.720566653774179,0.8789808917197452,0.9167245459690281,0.9605263157894737,0.8729227761485826,0.35960591133004927,0.9966517857142857,0.5232974910394266,0.6403940886699507,118.28935395814376,2.72975432211101,0.18471337579617833,0.02786596567154846,0.10046601892434742,0.013799001971895989,10,0.016031658962758207,1786,260,6,146
matched_100hz,tiny_100hz,43,2198,152,0.06915377616014559,0.975308046509235,0.7907631325051551,raw_logit,average_precision,0.06915377616014559,0.786293688906684,0.9522292993630573,0.937799043062201,0.9210526315789473,0.9545454545454546,0.6008583690987125,0.9938931297709923,0.7272727272727273,0.39914163090128757,42.31119199272066,5.45950864422202,0.10600545950864422,0.022743010384008742,0.0852762394699065,0.009193566894074322,10,0.11998794821716446,1953,93,12,140
matched_100hz,tiny_100hz,44,2198,152,0.06915377616014559,0.9743080207851006,0.7057748606295124,raw_logit,average_precision,0.06915377616014559,0.7027007975046419,0.9667879890809827,0.899942763800998,0.8223684210526315,0.9775171065493646,0.7309941520467836,0.986679822397632,0.7739938080495357,0.26900584795321636,20.928116469517743,12.283894449499545,0.07779799818016378,0.027786969742396136,0.09334528517782478,0.019616839807545708,10,0.40693049387163316,2000,46,27,125
benchmark_100hz,afficient_419,42,2198,152,0.06915377616014559,0.9568606266399136,0.5174181574176748,raw_logit,average_precision,0.06915377616014559,0.5363926709381047,0.9276615104640582,0.9154672789010649,0.9013157894736842,0.9296187683284457,0.4875444839857651,0.9921752738654147,0.6327944572748267,0.5124555160142349,65.51410373066425,6.824385805277525,0.1278434940855323,0.03832102185479463,0.12441795726926162,0.01966395229959804,10,0.27515616418017813,1902,144,15,137
benchmark_100hz,afficient_419,43,2198,152,0.06915377616014559,0.9264225446313732,0.5881188373181713,raw_logit,average_precision,0.06915377616014559,0.5831549097082057,0.9335759781619655,0.8120659052322889,0.6710526315789473,0.9530791788856305,0.5151515151515151,0.975,0.5828571428571429,0.48484848484848486,43.67606915377616,22.747952684258415,0.09008189262966333,0.03986907804002559,0.1479613752186986,0.013495338491489128,10,0.19980610619138825,1950,96,50,102
benchmark_100hz,afficient_419,44,2198,152,0.06915377616014559,0.9141714256315276,0.47857035583504576,raw_logit,average_precision,0.06915377616014559,0.47313326183788246,0.8212010919017289,0.8582825281679272,0.9013157894736842,0.8152492668621701,0.26601941747572816,0.9910873440285205,0.4107946026986507,0.7339805825242719,171.97452229299364,6.824385805277525,0.23430391264786168,0.04633270853972599,0.16120927381993244,0.017294732176967652,10,0.055837530318484395,1668,378,15,137
benchmark_100hz,basso_ph_multiscopic,42,2198,152,0.06915377616014559,0.9755974430210423,0.8629104529982135,raw_logit,average_precision,0.06915377616014559,0.8621137691627524,0.9535941765241128,0.9446223697072593,0.9342105263157895,0.9550342130987293,0.6068376068376068,0.994908350305499,0.7357512953367875,0.39316239316239315,41.856232939035486,4.549590536851683,0.10646041856232939,0.020156400044508985,0.08246253182477832,0.011368116504010192,10,0.15602681300213952,1954,92,10,142
benchmark_100hz,basso_ph_multiscopic,43,2198,152,0.06915377616014559,0.9822728558933992,0.8933476947172112,raw_logit,average_precision,0.06915377616014559,0.8929039603587046,0.9772520473157416,0.890338015125791,0.7894736842105263,0.9912023460410557,0.8695652173913043,0.9844660194174757,0.8275862068965517,0.13043478260869565,8.18926296633303,14.558689717925386,0.06278434940855324,0.01829427759101551,0.070465261076466,0.016667009324472286,10,0.48103931105972175,2028,18,32,120
benchmark_100hz,basso_ph_multiscopic,44,2198,152,0.06915377616014559,0.9825140196532387,0.907564844193146,raw_logit,average_precision,0.06915377616014559,0.9073130588033261,0.967697907188353,0.9491530328754438,0.9276315789473685,0.9706744868035191,0.7014925373134329,0.9944917376064096,0.7988668555240793,0.29850746268656714,27.2975432211101,5.004549590536851,0.09144676979071883,0.018031888938201752,0.07170830111988316,0.012526648780321711,10,0.19722929627854363,1986,60,11,141
benchmark_100hz,busia_transformer,42,2198,152,0.06915377616014559,0.9690570818541957,0.7398588984562338,raw_logit,average_precision,0.06915377616014559,0.7380194673391189,0.9576888080072793,0.8920100838606781,0.8157894736842105,0.9682306940371457,0.656084656084656,0.9860627177700348,0.7272727272727273,0.3439153439153439,29.57233848953594,12.738853503184714,0.08598726114649681,0.029350788638685794,0.10108178895255739,0.011345660104842697,10,0.2527452811494476,1981,65,28,124
benchmark_100hz,busia_transformer,43,2198,152,0.06915377616014559,0.9691374697741421,0.7408087589806794,raw_logit,average_precision,0.06915377616014559,0.7389224852322018,0.9367606915377616,0.9142646756186654,0.8881578947368421,0.9403714565004888,0.5252918287937743,0.9912416280267903,0.6601466992665037,0.47470817120622566,55.50500454959054,7.734303912647862,0.11692447679708826,0.02901509257351589,0.10066500297814837,0.009574451348967731,10,0.10300712282825168,1924,122,17,135
benchmark_100hz,busia_transformer,44,2198,152,0.06915377616014559,0.9700989092967022,0.7795965023005775,raw_logit,average_precision,0.06915377616014559,0.7782204434288204,0.9454049135577798,0.9067275042444822,0.8618421052631579,0.9516129032258065,0.5695652173913044,0.989329268292683,0.6858638743455497,0.43043478260869567,45.040946314831665,9.554140127388536,0.10464058234758872,0.026868057767592362,0.09617084299089887,0.011505357133922534,10,0.1488369701155635,1947,99,21,131
benchmark_100hz,smaller_238,42,2198,152,0.06915377616014559,0.960240134794464,0.7540803662754236,raw_logit,average_precision,0.06915377616014559,0.7537969019452224,0.9012738853503185,0.9165187528939651,0.9342105263157895,0.8988269794721407,0.4068767908309456,0.9945916711736074,0.5668662674650699,0.5931232091690545,94.17652411282984,4.549590536851683,0.15878070973612374,0.02804808493696001,0.10544531357913503,0.01677710463050111,10,0.024032146254221183,1839,207,10,142
benchmark_100hz,smaller_238,43,2198,152,0.06915377616014559,0.9329275351134435,0.5123316039037086,raw_logit,average_precision,0.06915377616014559,0.507940178423117,0.8657870791628753,0.873096414055667,0.881578947368421,0.864613880742913,0.3260340632603406,0.9899272523782876,0.47602131438721135,0.6739659367396593,126.02365787079162,8.18926296633303,0.1869881710646042,0.044665485748961085,0.15623294260412388,0.034165486701145005,10,0.054044348174139806,1769,277,18,134
benchmark_100hz,smaller_238,44,2198,152,0.06915377616014559,0.8929715233832383,0.34829947013659135,raw_logit,average_precision,0.06915377616014559,0.350034114557657,0.8070973612374887,0.8293911097391573,0.8552631578947368,0.8035190615835777,0.24436090225563908,0.9867947178871549,0.38011695906432746,0.7556390977443609,182.89353958143766,10.009099181073703,0.24203821656050956,0.05298151288421863,0.17894352774229336,0.009358581218256392,10,0.10406515460284751,1644,402,22,130
