scope,model,seed,parameters,parameter_fp32_bytes,parameter_fp32_kB,macs_conv_linear,serialized_weights_bytes,cpu_batch1_median_ms,input_fp32_bytes,quantization_run_status,serialized_int8_bytes
matched_100hz,reference_100hz,42,203841,815364,815.364,36672128.0,837371,0.770333,48000.0,failed,260642.0
matched_100hz,reference_100hz,43,203841,815364,815.364,36672128.0,837371,0.6385415000000001,48000.0,failed,260642.0
matched_100hz,reference_100hz,44,203841,815364,815.364,36672128.0,837371,0.8372919999999999,48000.0,failed,260642.0
matched_100hz,tiny_100hz,42,419,1676,1.676,123004.0,18427,0.262833,48000.0,failed,55650.0
matched_100hz,tiny_100hz,43,419,1676,1.676,123004.0,18427,0.257542,48000.0,failed,55650.0
matched_100hz,tiny_100hz,44,419,1676,1.676,123004.0,18427,0.258625,48000.0,failed,55650.0
benchmark_100hz,afficient_419,42,419,1676,1.676,,18613,,,not_requested,
benchmark_100hz,afficient_419,43,419,1676,1.676,,18613,,,not_requested,
benchmark_100hz,afficient_419,44,419,1676,1.676,,18613,,,not_requested,
benchmark_100hz,basso_ph_multiscopic,42,61947,247788,247.788,,318109,,,not_requested,
benchmark_100hz,basso_ph_multiscopic,43,61947,247788,247.788,,318109,,,not_requested,
benchmark_100hz,basso_ph_multiscopic,44,61947,247788,247.788,,318109,,,not_requested,
benchmark_100hz,busia_transformer,42,7095,28380,28.38,,36149,,,not_requested,
benchmark_100hz,busia_transformer,43,7095,28380,28.38,,36149,,,not_requested,
benchmark_100hz,busia_transformer,44,7095,28380,28.38,,36149,,,not_requested,
benchmark_100hz,smaller_238,42,238,952,0.952,,18037,,,not_requested,
benchmark_100hz,smaller_238,43,238,952,0.952,,18037,,,not_requested,
benchmark_100hz,smaller_238,44,238,952,0.952,,18037,,,not_requested,
