condition,snr_db_at_100hz,repeat,noise_seed,kind,n,positives,prevalence,auroc,auprc,ranking_score,auprc_method,random_auprc,pr_trapezoid_auc,accuracy,balanced_accuracy,sensitivity,specificity,ppv,npv,f1,false_discovery_rate,false_positives_per_1000_ecgs,missed_af_per_1000_ecgs,referral_fraction,brier,log_loss,ece,ece_bins,threshold,tn,fp,fn,tp,scope,model,seed
gaussian,20.0,0,7919.0,synthetic_stress_test,2198,152,0.06915377825498581,0.975282322374852,0.8522092720878129,raw_logit,average_precision,0.06915377825498581,0.8513180964984839,0.9777070063694268,0.9210333384781602,0.8552631578947368,0.9868035190615836,0.8280254777070064,0.9892209701126898,0.8414239482200647,0.17197452229299362,12.283894449499545,10.009099181073703,0.07142857142857142,0.018411979694417283,0.07123376441051016,0.013420326940324431,10,0.33547660015868663,2019,27,22,130,matched_100hz,reference_100hz,42
gaussian,20.0,1,7919.0,synthetic_stress_test,2198,152,0.06915377825498581,0.9760379688223491,0.8523071734752079,raw_logit,average_precision,0.06915377825498581,0.8509403369868818,0.9795268425841674,0.9220108555847095,0.8552631578947368,0.9887585532746823,0.8496732026143791,0.9892420537897311,0.8524590163934426,0.1503267973856209,10.464058234758872,10.009099181073703,0.06960873521383075,0.01815107467045934,0.07080535538836126,0.012003922367340273,10,0.33547660015868663,2023,23,22,130,matched_100hz,reference_100hz,42
gaussian,20.0,2,7919.0,synthetic_stress_test,2198,152,0.06915377825498581,0.975973658486392,0.848805795959908,raw_logit,average_precision,0.06915377825498581,0.8477373277490464,0.978161965423112,0.9212777177547975,0.8552631578947368,0.9872922776148583,0.8333333333333334,0.9892262487757101,0.8441558441558441,0.16666666666666666,11.828935395814376,10.009099181073703,0.07097361237488627,0.018599977841630214,0.07157218323986372,0.012756389133496257,10,0.33547660015868663,2020,26,22,130,matched_100hz,reference_100hz,42
gaussian,10.0,0,7919.0,synthetic_stress_test,2198,152,0.06915377825498581,0.9690120646190256,0.8343210742678344,raw_logit,average_precision,0.06915377825498581,0.8336374336638428,0.9672429481346679,0.9123675207079283,0.8486842105263158,0.9760508308895406,0.7247191011235955,0.9886138613861386,0.7818181818181819,0.2752808988764045,22.29299363057325,10.464058234758872,0.08098271155595996,0.0231965427580505,0.09188527358854166,0.021556334117708038,10,0.33547660015868663,1997,49,23,129,matched_100hz,reference_100hz,42
gaussian,10.0,1,7919.0,synthetic_stress_test,2198,152,0.06915377825498581,0.9684493491794002,0.8424202311238563,raw_logit,average_precision,0.06915377825498581,0.8418088226732907,0.9690627843494085,0.9133450378144776,0.8486842105263158,0.9780058651026393,0.7413793103448276,0.9886363636363636,0.7914110429447853,0.25862068965517243,20.473157415832574,10.464058234758872,0.0791628753412193,0.022601286631796242,0.09113963703155264,0.023048201307395818,10,0.33547660015868663,2001,45,23,129,matched_100hz,reference_100hz,42
gaussian,10.0,2,7919.0,synthetic_stress_test,2198,152,0.06915377825498581,0.9696133662602253,0.8354183282479786,raw_logit,average_precision,0.06915377825498581,0.8345626588939512,0.9658780709736123,0.893363816432577,0.8092105263157895,0.9775171065493646,0.727810650887574,0.9857072449482503,0.7663551401869159,0.27218934911242604,20.928116469517743,13.193812556869881,0.07688808007279345,0.023374199922515285,0.0916328665294328,0.020389533016306475,10,0.33547660015868663,2000,46,29,123,matched_100hz,reference_100hz,42
gaussian,0.0,0,7919.0,synthetic_stress_test,2198,152,0.06915377825498581,0.8450281679271492,0.4477053568795899,raw_logit,average_precision,0.06915377825498581,0.4462485829460617,0.737943585077343,0.7587494212069764,0.7828947368421053,0.7346041055718475,0.1797583081570997,0.978515625,0.29238329238329236,0.8202416918429003,247.0427661510464,15.013648771610555,0.30118289353958144,0.09969541672656936,0.33456878604271834,0.1867184927388004,10,0.33547660015868663,1503,543,33,119,matched_100hz,reference_100hz,42
gaussian,0.0,1,7919.0,synthetic_stress_test,2198,152,0.06915377825498581,0.8238314811956577,0.4167733746514973,raw_logit,average_precision,0.06915377825498581,0.4151465516922845,0.7302092811646952,0.7332793126511292,0.7368421052631579,0.7297165200391007,0.16842105263157894,0.9739073711676451,0.2741738066095471,0.8315789473684211,251.59235668789808,18.198362147406733,0.30254777070063693,0.10418453069157446,0.34547901517281887,0.18967858303215818,10,0.33547660015868663,1493,553,40,112,matched_100hz,reference_100hz,42
gaussian,0.0,2,7919.0,synthetic_stress_test,2198,152,0.06915377825498581,0.8290792046097649,0.42822238791061085,raw_logit,average_precision,0.06915377825498581,0.42677167455315534,0.7465878070973613,0.7420769666100735,0.7368421052631579,0.7473118279569892,0.178060413354531,0.9745060548119822,0.28681177976952626,0.821939586645469,235.21383075523204,18.198362147406733,0.2861692447679709,0.10321562049129752,0.3442905327387412,0.18844800972875675,10,0.33547660015868663,1529,517,40,112,matched_100hz,reference_100hz,42
baseline,20.0,0,7919.0,synthetic_stress_test,2198,152,0.06915377825498581,0.9759189947008283,0.8475486585079288,raw_logit,average_precision,0.06915377825498581,0.8463818123005872,0.9804367606915377,0.9194545197304111,0.8486842105263158,0.9902248289345064,0.8657718120805369,0.9887750122010737,0.8571428571428571,0.1342281879194631,9.099181073703367,10.464058234758872,0.06778889899909009,0.01814600127451677,0.07013974200501634,0.011991483084669026,10,0.33547660015868663,2026,20,23,129,matched_100hz,reference_100hz,42
baseline,20.0,1,7919.0,synthetic_stress_test,2198,152,0.06915377825498581,0.9768611411226013,0.8536840788579724,raw_logit,average_precision,0.06915377825498581,0.8527242219018496,0.9808917197452229,0.9196988990070485,0.8486842105263158,0.990713587487781,0.8716216216216216,0.988780487804878,0.86,0.12837837837837837,8.644222020018198,10.464058234758872,0.06733393994540492,0.018219385907457485,0.07009511841337203,0.012070415059398284,10,0.33547660015868663,2027,19,23,129,matched_100hz,reference_100hz,42
baseline,20.0,2,7919.0,synthetic_stress_test,2198,152,0.06915377825498581,0.9766875032155167,0.8518219990477436,raw_logit,average_precision,0.06915377825498581,0.8508006204632269,0.9808917197452229,0.9196988990070485,0.8486842105263158,0.990713587487781,0.8716216216216216,0.988780487804878,0.86,0.12837837837837837,8.644222020018198,10.464058234758872,0.06733393994540492,0.01829430465799314,0.07017107715314959,0.013382840042254231,10,0.33547660015868663,2027,19,23,129,matched_100hz,reference_100hz,42
baseline,10.0,0,7919.0,synthetic_stress_test,2198,152,0.06915377825498581,0.9770154859288984,0.8538897948883877,raw_logit,average_precision,0.06915377825498581,0.8530047849692315,0.978161965423112,0.912142434532078,0.8355263157894737,0.9887585532746823,0.8466666666666667,0.98779296875,0.8410596026490066,0.15333333333333332,10.464058234758872,11.373976342129207,0.06824385805277525,0.019547812314416973,0.0733700551313165,0.010927895492838314,10,0.33547660015868663,2023,23,25,127,matched_100hz,reference_100hz,42
baseline,10.0,1,7919.0,synthetic_stress_test,2198,152,0.06915377825498581,0.9760572619231362,0.8543188044745206,raw_logit,average_precision,0.06915377825498581,0.8535168643402395,0.9808917197452229,0.9227439934146215,0.8552631578947368,0.9902248289345064,0.8666666666666667,0.9892578125,0.8609271523178808,0.13333333333333333,9.099181073703367,10.009099181073703,0.06824385805277525,0.018753759608990853,0.07150033522157676,0.010978730208402331,10,0.33547660015868663,2026,20,22,130,matched_100hz,reference_100hz,42
baseline,10.0,2,7919.0,synthetic_stress_test,2198,152,0.06915377825498581,0.9743755466378554,0.8549171787633099,raw_logit,average_precision,0.06915377825498581,0.8541594317558006,0.9790718835304822,0.9095860986777795,0.8289473684210527,0.9902248289345064,0.863013698630137,0.9873294346978557,0.8456375838926175,0.136986301369863,9.099181073703367,11.828935395814376,0.06642402183803457,0.019380089559077558,0.07321019911265464,0.011690537559253322,10,0.33547660015868663,2026,20,26,126,matched_100hz,reference_100hz,42
baseline,0.0,0,7919.0,synthetic_stress_test,2198,152,0.06915377825498581,0.9751987189381078,0.8418325622738714,raw_logit,average_precision,0.06915377825498581,0.8412208560526281,0.9722474977252047,0.8754694654524875,0.7631578947368421,0.987781036168133,0.8226950354609929,0.982498784637822,0.7918088737201365,0.1773049645390071,11.373976342129207,16.37852593266606,0.06414922656960874,0.024048803125926242,0.0861203175106115,0.01407351288358294,10,0.33547660015868663,2021,25,36,116,matched_100hz,reference_100hz,42
baseline,0.0,1,7919.0,synthetic_stress_test,2198,152,0.06915377825498581,0.9739993311725061,0.8453924776599856,raw_logit,average_precision,0.06915377825498581,0.8448203706230887,0.9695177434030937,0.8740031897926634,0.7631578947368421,0.9848484848484849,0.7891156462585034,0.9824475865431497,0.7759197324414716,0.2108843537414966,14.103730664240219,16.37852593266606,0.06687898089171974,0.02346995549609037,0.08465969380872812,0.01410831434317728,10,0.33547660015868663,2015,31,36,116,matched_100hz,reference_100hz,42
baseline,0.0,2,7919.0,synthetic_stress_test,2198,152,0.06915377825498581,0.9768225549210269,0.8472546669260286,raw_logit,average_precision,0.06915377825498581,0.8463875015169391,0.9754322111010009,0.8954506868343881,0.8026315789473685,0.9882697947214076,0.8356164383561644,0.9853801169590644,0.8187919463087249,0.1643835616438356,10.91901728844404,13.64877161055505,0.06642402183803457,0.022589322580282314,0.08180796020055199,0.014457756758748963,10,0.33547660015868663,2022,24,30,122,matched_100hz,reference_100hz,42
motion,20.0,0,7919.0,synthetic_stress_test,2198,152,0.06915377825498581,0.9759318567680197,0.8526437327285644,raw_logit,average_precision,0.06915377825498581,0.851626854651039,0.9795268425841674,0.9189657611771365,0.8486842105263158,0.989247311827957,0.8543046357615894,0.9887640449438202,0.8514851485148515,0.1456953642384106,10.009099181073703,10.464058234758872,0.06869881710646042,0.018305615597167472,0.07047899992825019,0.011115030693161188,10,0.33547660015868663,2024,22,23,129,matched_100hz,reference_100hz,42
motion,20.0,1,7919.0,synthetic_stress_test,2198,152,0.06915377825498581,0.9763337963677522,0.8496164653472362,raw_logit,average_precision,0.06915377825498581,0.8485869586947573,0.9808917197452229,0.9227439934146215,0.8552631578947368,0.9902248289345064,0.8666666666666667,0.9892578125,0.8609271523178808,0.13333333333333333,9.099181073703367,10.009099181073703,0.06824385805277525,0.018391109939845784,0.07051828163720278,0.011829060185336592,10,0.33547660015868663,2026,20,22,130,matched_100hz,reference_100hz,42
motion,20.0,2,7919.0,synthetic_stress_test,2198,152,0.06915377825498581,0.9763016411997736,0.8519112230275927,raw_logit,average_precision,0.06915377825498581,0.8508968947115538,0.9808917197452229,0.9227439934146215,0.8552631578947368,0.9902248289345064,0.8666666666666667,0.9892578125,0.8609271523178808,0.13333333333333333,9.099181073703367,10.009099181073703,0.06824385805277525,0.01809286542586652,0.0700520935244898,0.012530148706787309,10,0.33547660015868663,2026,20,22,130,matched_100hz,reference_100hz,42
motion,10.0,0,7919.0,synthetic_stress_test,2198,152,0.06915377825498581,0.9745909862633123,0.848600606653945,raw_logit,average_precision,0.06915377825498581,0.8477766644307465,0.978161965423112,0.9090973401245048,0.8289473684210527,0.989247311827957,0.8513513513513513,0.9873170731707317,0.84,0.14864864864864866,10.009099181073703,11.828935395814376,0.06733393994540492,0.020005958051314415,0.07509354317292997,0.013203071379220298,10,0.33547660015868663,2024,22,26,126,matched_100hz,reference_100hz,42
motion,10.0,1,7919.0,synthetic_stress_test,2198,152,0.06915377825498581,0.9760765550239234,0.8632833904079092,raw_logit,average_precision,0.06915377825498581,0.8625127159087768,0.9790718835304822,0.9156762874929258,0.8421052631578947,0.989247311827957,0.8533333333333334,0.98828125,0.847682119205298,0.14666666666666667,10.009099181073703,10.91901728844404,0.06824385805277525,0.018996866090663707,0.07244280812265613,0.013235438682128908,10,0.33547660015868663,2024,22,24,128,matched_100hz,reference_100hz,42
motion,10.0,2,7919.0,synthetic_stress_test,2198,152,0.06915377825498581,0.9775331841333539,0.8534144427940694,raw_logit,average_precision,0.06915377825498581,0.8526152275852589,0.978161965423112,0.9060522457169315,0.8223684210526315,0.9897360703812317,0.8561643835616438,0.9868421052631579,0.8389261744966443,0.14383561643835616,9.554140127388536,12.283894449499545,0.06642402183803457,0.01973859720143866,0.07362784606879712,0.012666699127569923,10,0.33547660015868663,2025,21,27,125,matched_100hz,reference_100hz,42
motion,0.0,0,7919.0,synthetic_stress_test,2198,152,0.06915377825498581,0.9725877192982456,0.8306824363870194,raw_logit,average_precision,0.06915377825498581,0.8300254135337299,0.9708826205641492,0.8625559499922828,0.7368421052631579,0.9882697947214076,0.8235294117647058,0.9806013579049466,0.7777777777777778,0.17647058823529413,10.91901728844404,18.198362147406733,0.06187443130118289,0.025493466496324273,0.09046817697984119,0.017222042016004482,10,0.33547660015868663,2022,24,40,112,matched_100hz,reference_100hz,42
motion,0.0,1,7919.0,synthetic_stress_test,2198,152,0.06915377825498581,0.9796522097031435,0.8286424516268172,raw_logit,average_precision,0.06915377825498581,0.8274483150703782,0.9722474977252047,0.866334182229768,0.743421052631579,0.989247311827957,0.837037037037037,0.9810954920019389,0.7874564459930313,0.16296296296296298,10.009099181073703,17.743403093721565,0.061419472247497726,0.025873409063594692,0.08898498268887588,0.02132959980183412,10,0.33547660015868663,2024,22,39,113,matched_100hz,reference_100hz,42
motion,0.0,2,7919.0,synthetic_stress_test,2198,152,0.06915377825498581,0.9755202706178937,0.8498666047470886,raw_logit,average_precision,0.06915377825498581,0.8492983533288861,0.9708826205641492,0.8564657611771365,0.7236842105263158,0.989247311827957,0.8333333333333334,0.9796708615682478,0.7746478873239436,0.16666666666666666,10.009099181073703,19.10828025477707,0.06005459508644222,0.025515737238385804,0.08944360824580241,0.022540690385453976,10,0.33547660015868663,2024,22,42,110,matched_100hz,reference_100hz,42
retain_I_only,,0,,test_time_lead_ablation_not_single_lead_retraining,2198,152,0.06915377825498581,0.4899193548387097,0.07814932141019852,raw_logit,average_precision,0.06915377825498581,0.07610687999243415,0.9267515923566879,0.5038907753254103,0.013157894736842105,0.9946236559139785,0.15384615384615385,0.931350114416476,0.024242424242424242,0.8461538461538461,5.004549590536851,68.24385805277525,0.005914467697907188,0.06909476426502593,0.3986301439693422,0.056790808292516,10,0.33547660015868663,2035,11,150,2,matched_100hz,reference_100hz,42
retain_II_only,,0,,test_time_lead_ablation_not_single_lead_retraining,2198,152,0.06915377825498581,0.5293062200956937,0.07681716480331804,raw_logit,average_precision,0.06915377825498581,0.07557828746265115,0.8962693357597816,0.4936075526058548,0.02631578947368421,0.9608993157380255,0.047619047619047616,0.9299905392620624,0.03389830508474576,0.9523809523809523,36.39672429481347,67.33393994540491,0.03821656050955414,0.07606340851429261,0.4428932192276016,0.07504020557642091,10,0.33547660015868663,1966,80,148,4,matched_100hz,reference_100hz,42
gaussian,20.0,0,7919.0,synthetic_stress_test,2198,152,0.06915377825498581,0.9798676493286,0.8437542828508834,raw_logit,average_precision,0.06915377825498581,0.8398527153930141,0.9799818016378526,0.9253003292689201,0.8618421052631579,0.9887585532746823,0.8506493506493507,0.9897260273972602,0.8562091503267973,0.14935064935064934,10.464058234758872,9.554140127388536,0.07006369426751592,0.018230812779713498,0.07000689128718782,0.011333513081282817,10,0.34686306307715054,2023,23,21,131,matched_100hz,reference_100hz,43
gaussian,20.0,1,7919.0,synthetic_stress_test,2198,152,0.06915377825498581,0.9798322786438236,0.8468014552702278,raw_logit,average_precision,0.06915377825498581,0.8428841252834932,0.9790718835304822,0.9217664763080722,0.8552631578947368,0.9882697947214076,0.8441558441558441,0.9892367906066536,0.8496732026143791,0.15584415584415584,10.91901728844404,10.009099181073703,0.07006369426751592,0.018113508803228352,0.0698436316930351,0.011565736359748835,10,0.34686306307715054,2022,24,22,130,matched_100hz,reference_100hz,43
gaussian,20.0,2,7919.0,synthetic_stress_test,2198,152,0.06915377825498581,0.9787647270669342,0.845550584071549,raw_logit,average_precision,0.06915377825498581,0.8416505225928476,0.978616924476797,0.9245671914390081,0.8618421052631579,0.9872922776148583,0.8343949044585988,0.9897109260166586,0.8478964401294499,0.16560509554140126,11.828935395814376,9.554140127388536,0.07142857142857142,0.018204204060901858,0.07013523320542095,0.011830936974300259,10,0.34686306307715054,2020,26,21,131,matched_100hz,reference_100hz,43
gaussian,10.0,0,7919.0,synthetic_stress_test,2198,152,0.06915377825498581,0.9737260122446879,0.8123661739036165,raw_logit,average_precision,0.06915377825498581,0.8084764498445532,0.9695177434030937,0.8953188506456757,0.8092105263157895,0.9814271749755621,0.7639751552795031,0.9857633775159549,0.7859424920127795,0.2360248447204969,17.288444040036396,13.193812556869881,0.0732484076433121,0.023956160741838147,0.09207407382551847,0.022066509134434715,10,0.34686306307715054,2008,38,29,123,matched_100hz,reference_100hz,43
gaussian,10.0,1,7919.0,synthetic_stress_test,2198,152,0.06915377825498581,0.9759286412512219,0.8183596554201172,raw_logit,average_precision,0.06915377825498581,0.8161621940078613,0.967697907188353,0.8821609559088337,0.7828947368421053,0.9814271749755621,0.7579617834394905,0.9838314551690348,0.7702265372168284,0.24203821656050956,17.288444040036396,15.013648771610555,0.07142857142857142,0.024217206013384427,0.09172160228605188,0.02154277061316316,10,0.34686306307715054,2008,38,33,119,matched_100hz,reference_100hz,43
gaussian,10.0,2,7919.0,synthetic_stress_test,2198,152,0.06915377825498581,0.9741408139116119,0.8200027165729211,raw_logit,average_precision,0.06915377825498581,0.8162150518121192,0.9667879890809827,0.8847172917631322,0.7894736842105263,0.979960899315738,0.7453416149068323,0.9842906234658811,0.7667731629392971,0.2546583850931677,18.653321201091902,14.558689717925386,0.0732484076433121,0.023710421573747635,0.09100908605644537,0.02124567621954556,10,0.34686306307715054,2005,41,32,120,matched_100hz,reference_100hz,43
gaussian,0.0,0,7919.0,synthetic_stress_test,2198,152,0.06915377825498581,0.8547422441734835,0.38163111558818497,raw_logit,average_precision,0.06915377825498581,0.37688927843092623,0.9262966333030027,0.6224050779441272,0.26973684210526316,0.9750733137829912,0.44565217391304346,0.9472934472934473,0.3360655737704918,0.5543478260869565,23.202911737943584,50.500454959053684,0.04185623293903549,0.05440997460024548,0.2057237330533284,0.04603860977198108,10,0.34686306307715054,1995,51,111,41,matched_100hz,reference_100hz,43
gaussian,0.0,1,7919.0,synthetic_stress_test,2198,152,0.06915377825498581,0.8601893296290578,0.4256530425997605,raw_logit,average_precision,0.06915377825498581,0.42103004338943945,0.9331210191082803,0.6717471832072851,0.3684210526315789,0.9750733137829912,0.5233644859813084,0.9540889526542324,0.43243243243243246,0.4766355140186916,23.202911737943584,43.67606915377616,0.04868061874431301,0.05278088792554049,0.2021070105791101,0.048386085699810684,10,0.34686306307715054,1995,51,96,56,matched_100hz,reference_100hz,43
gaussian,0.0,2,7919.0,synthetic_stress_test,2198,152,0.06915377825498581,0.8656589237022174,0.4176225677788454,raw_logit,average_precision,0.06915377825498581,0.4128378370491036,0.9317561419472248,0.652743478931934,0.32894736842105265,0.9765395894428153,0.5102040816326531,0.9514285714285714,0.4,0.4897959183673469,21.83803457688808,46.40582347588717,0.044585987261146494,0.05306928234930749,0.2015622161306692,0.048365027171096524,10,0.34686306307715054,1998,48,102,50,matched_100hz,reference_100hz,43
baseline,20.0,0,7919.0,synthetic_stress_test,2198,152,0.06915377825498581,0.97977761485826,0.8475469215530346,raw_logit,average_precision,0.06915377825498581,0.8436482074989926,0.9804367606915377,0.9224996141379842,0.8552631578947368,0.9897360703812317,0.8609271523178808,0.9892525647288715,0.858085808580858,0.1390728476821192,9.554140127388536,10.009099181073703,0.06869881710646042,0.018066871599969208,0.06928391498701257,0.011739994642656905,10,0.34686306307715054,2025,21,22,130,matched_100hz,reference_100hz,43
baseline,20.0,1,7919.0,synthetic_stress_test,2198,152,0.06915377825498581,0.979684364871122,0.8454202890561148,raw_logit,average_precision,0.06915377825498581,0.8414822433002002,0.9799818016378526,0.9192101404537738,0.8486842105263158,0.9897360703812317,0.86,0.98876953125,0.8543046357615894,0.14,9.554140127388536,10.464058234758872,0.06824385805277525,0.01798890069804046,0.06913833088491395,0.012422494572936128,10,0.34686306307715054,2025,21,23,129,matched_100hz,reference_100hz,43
baseline,20.0,2,7919.0,synthetic_stress_test,2198,152,0.06915377825498581,0.9795653907496014,0.8435217919928317,raw_logit,average_precision,0.06915377825498581,0.8395848305230623,0.9804367606915377,0.9224996141379842,0.8552631578947368,0.9897360703812317,0.8609271523178808,0.9892525647288715,0.858085808580858,0.1390728476821192,9.554140127388536,10.009099181073703,0.06869881710646042,0.01805205627804785,0.06929834191307202,0.012801280737596406,10,0.34686306307715054,2025,21,22,130,matched_100hz,reference_100hz,43
baseline,10.0,0,7919.0,synthetic_stress_test,2198,152,0.06915377825498581,0.9788290374028914,0.8435093359452275,raw_logit,average_precision,0.06915377825498581,0.8395737986481189,0.978616924476797,0.9093417194011422,0.8289473684210527,0.9897360703812317,0.8571428571428571,0.9873232569478303,0.842809364548495,0.14285714285714285,9.554140127388536,11.828935395814376,0.06687898089171974,0.019594763294921075,0.07361543370629227,0.014604078432219362,10,0.34686306307715054,2025,21,26,126,matched_100hz,reference_100hz,43
baseline,10.0,1,7919.0,synthetic_stress_test,2198,152,0.06915377825498581,0.9799544682821424,0.8462204015549867,raw_logit,average_precision,0.06915377825498581,0.8422831288465468,0.9813466787989081,0.9199432782836858,0.8486842105263158,0.9912023460410557,0.8775510204081632,0.9887859580692345,0.862876254180602,0.12244897959183673,8.18926296633303,10.464058234758872,0.06687898089171974,0.019167780058691637,0.072170112405378,0.013749783198905767,10,0.34686306307715054,2028,18,23,129,matched_100hz,reference_100hz,43
baseline,10.0,2,7919.0,synthetic_stress_test,2198,152,0.06915377825498581,0.978378865051191,0.840983112419432,raw_logit,average_precision,0.06915377825498581,0.8369867911557625,0.978161965423112,0.9090973401245048,0.8289473684210527,0.989247311827957,0.8513513513513513,0.9873170731707317,0.84,0.14864864864864866,10.009099181073703,11.828935395814376,0.06733393994540492,0.019836746694706538,0.0737192469719928,0.015321463182136424,10,0.34686306307715054,2024,22,26,126,matched_100hz,reference_100hz,43
baseline,0.0,0,7919.0,synthetic_stress_test,2198,152,0.06915377825498581,0.9764656325564645,0.7991456530001956,raw_logit,average_precision,0.06915377825498581,0.7948478007104937,0.9604185623293904,0.7564471111797089,0.5197368421052632,0.9931573802541545,0.8494623655913979,0.9653206650831354,0.6448979591836734,0.15053763440860216,6.369426751592357,33.21201091901729,0.042311191992720654,0.03295641374393557,0.10731785870895898,0.03321877955305036,10,0.34686306307715054,2032,14,73,79,matched_100hz,reference_100hz,43
baseline,0.0,1,7919.0,synthetic_stress_test,2198,152,0.06915377825498581,0.9762308998302207,0.8004675734251193,raw_logit,average_precision,0.06915377825498581,0.7966672274077893,0.9613284804367607,0.7599809641405566,0.5263157894736842,0.9936461388074291,0.8602150537634409,0.9657957244655582,0.6530612244897959,0.13978494623655913,5.914467697907188,32.75705186533212,0.042311191992720654,0.032495083517922234,0.10735798067868615,0.032839606576160085,10,0.34686306307715054,2033,13,72,80,matched_100hz,reference_100hz,43
baseline,0.0,2,7919.0,synthetic_stress_test,2198,152,0.06915377825498581,0.9743948397386429,0.8179685147825592,raw_logit,average_precision,0.06915377825498581,0.8141009051244742,0.9640582347588716,0.7766727118382466,0.5592105263157895,0.9941348973607038,0.8762886597938144,0.9681104236078059,0.6827309236947792,0.12371134020618557,5.45950864422202,30.48225659690628,0.04413102820746133,0.03251369920286604,0.10820464933235402,0.03371736079633603,10,0.34686306307715054,2034,12,67,85,matched_100hz,reference_100hz,43
motion,20.0,0,7919.0,synthetic_stress_test,2198,152,0.06915377825498581,0.9795203735144312,0.847651228801168,raw_logit,average_precision,0.06915377825498581,0.8437657080364589,0.9790718835304822,0.9156762874929258,0.8421052631578947,0.989247311827957,0.8533333333333334,0.98828125,0.847682119205298,0.14666666666666667,10.009099181073703,10.91901728844404,0.06824385805277525,0.018071538339500808,0.06947062643312112,0.01052819675798366,10,0.34686306307715054,2024,22,24,128,matched_100hz,reference_100hz,43
motion,20.0,1,7919.0,synthetic_stress_test,2198,152,0.06915377825498581,0.9795750372999948,0.8490291059446224,raw_logit,average_precision,0.06915377825498581,0.8451269563635786,0.9799818016378526,0.9222552348613469,0.8552631578947368,0.989247311827957,0.8552631578947368,0.989247311827957,0.8552631578947368,0.14473684210526316,10.009099181073703,10.009099181073703,0.06915377616014559,0.018029788877049785,0.06919646865896577,0.01276894046580747,10,0.34686306307715054,2024,22,22,130,matched_100hz,reference_100hz,43
motion,20.0,2,7919.0,synthetic_stress_test,2198,152,0.06915377825498581,0.9794946493800483,0.8456470197668515,raw_logit,average_precision,0.06915377825498581,0.84172164038798,0.9795268425841674,0.9220108555847095,0.8552631578947368,0.9887585532746823,0.8496732026143791,0.9892420537897311,0.8524590163934426,0.1503267973856209,10.464058234758872,10.009099181073703,0.06960873521383075,0.018098639373845975,0.06952408044366289,0.011718534442246973,10,0.34686306307715054,2023,23,22,130,matched_100hz,reference_100hz,43
motion,10.0,0,7919.0,synthetic_stress_test,2198,152,0.06915377825498581,0.9786907701805835,0.8437237042659771,raw_logit,average_precision,0.06915377825498581,0.8398193051783616,0.9804367606915377,0.9133643309152647,0.8355263157894737,0.9912023460410557,0.8758620689655172,0.9878226984900146,0.8552188552188552,0.12413793103448276,8.18926296633303,11.373976342129207,0.06596906278434941,0.019928189312594206,0.07428527604239754,0.016440732021837785,10,0.34686306307715054,2028,18,25,127,matched_100hz,reference_100hz,43
motion,10.0,1,7919.0,synthetic_stress_test,2198,152,0.06915377825498581,0.9798547872614086,0.8501405440969224,raw_logit,average_precision,0.06915377825498581,0.8463253382704442,0.9795268425841674,0.9098304779544168,0.8289473684210527,0.990713587487781,0.8689655172413793,0.9873356064296152,0.8484848484848485,0.1310344827586207,8.644222020018198,11.828935395814376,0.06596906278434941,0.01992309780397977,0.07339523660271717,0.014181347836916498,10,0.34686306307715054,2027,19,26,126,matched_100hz,reference_100hz,43
motion,10.0,2,7919.0,synthetic_stress_test,2198,152,0.06915377825498581,0.980214925142769,0.849681246366466,raw_logit,average_precision,0.06915377825498581,0.845810812955784,0.9777070063694268,0.9118980552554407,0.8355263157894737,0.9882697947214076,0.8410596026490066,0.9877870053737177,0.8382838283828383,0.15894039735099338,10.91901728844404,11.373976342129207,0.06869881710646042,0.02003893239309116,0.0735499726486529,0.016167721216711617,10,0.34686306307715054,2022,24,25,127,matched_100hz,reference_100hz,43
motion,0.0,0,7919.0,synthetic_stress_test,2198,152,0.06915377825498581,0.9772727272727273,0.8030774340530917,raw_logit,average_precision,0.06915377825498581,0.798663718300304,0.95950864422202,0.737687786180995,0.48026315789473684,0.9951124144672532,0.8795180722891566,0.9626477541371158,0.6212765957446809,0.12048192771084337,4.549590536851683,35.9417652411283,0.03776160145586897,0.03399032929676567,0.10987149096177129,0.03374809452936804,10,0.34686306307715054,2036,10,79,73,matched_100hz,reference_100hz,43
motion,0.0,1,7919.0,synthetic_stress_test,2198,152,0.06915377825498581,0.9814336060091577,0.8296478481179387,raw_logit,average_precision,0.06915377825498581,0.8254474073043396,0.9617834394904459,0.7541351546020476,0.5131578947368421,0.9951124144672532,0.8863636363636364,0.9649289099526066,0.65,0.11363636363636363,4.549590536851683,33.666969972702454,0.040036396724294813,0.03256007548036039,0.10371187917324413,0.03278396861891402,10,0.34686306307715054,2036,10,74,78,matched_100hz,reference_100hz,43
motion,0.0,2,7919.0,synthetic_stress_test,2198,152,0.06915377825498581,0.9774978134485774,0.8241878779287102,raw_logit,average_precision,0.06915377825498581,0.8202814376069726,0.9645131938125568,0.7738719967073109,0.5526315789473685,0.9951124144672532,0.8936170212765957,0.967680608365019,0.6829268292682927,0.10638297872340426,4.549590536851683,30.937215650591448,0.042766151046405826,0.032786047560799114,0.10709413597157054,0.03281364301561666,10,0.34686306307715054,2036,10,68,84,matched_100hz,reference_100hz,43
retain_I_only,,0,,test_time_lead_ablation_not_single_lead_retraining,2198,152,0.06915377825498581,0.5013440860215054,0.08165199982525886,raw_logit,average_precision,0.06915377825498581,0.07966199100456775,0.8935395814376706,0.5225922210217626,0.09210526315789473,0.9530791788856305,0.12727272727272726,0.9339080459770115,0.10687022900763359,0.8727272727272727,43.67606915377616,62.78434940855323,0.05004549590536852,0.07702354662976414,0.42587681862481974,0.0800052669228509,10,0.34686306307715054,1950,96,138,14,matched_100hz,reference_100hz,43
retain_II_only,,0,,test_time_lead_ablation_not_single_lead_retraining,2198,152,0.06915377825498581,0.5389881411740495,0.08120804035777407,raw_logit,average_precision,0.06915377825498581,0.07992616076938437,0.8343949044585988,0.5212738591346401,0.15789473684210525,0.884652981427175,0.09230769230769231,0.9339525283797729,0.11650485436893204,0.9076923076923077,107.37033666969973,58.234758871701544,0.11828935395814377,0.09603237462378585,0.3871149302117007,0.10030484260566888,10,0.34686306307715054,1810,236,128,24,matched_100hz,reference_100hz,43
gaussian,20.0,0,7919.0,synthetic_stress_test,2198,152,0.06915377825498581,0.977738977208417,0.8590837987845794,raw_logit,average_precision,0.06915377825498581,0.8582545750049622,0.9740673339399454,0.9464841539332202,0.9144736842105263,0.978494623655914,0.7595628415300546,0.9935483870967742,0.8298507462686567,0.24043715846994534,20.018198362147405,5.914467697907188,0.0832575068243858,0.017353657075587756,0.06910315544129927,0.00971438314346679,10,0.1958772282973742,2002,44,13,139,matched_100hz,reference_100hz,44
gaussian,20.0,1,7919.0,synthetic_stress_test,2198,152,0.06915377825498581,0.9775524772341411,0.857945042734457,raw_logit,average_precision,0.06915377825498581,0.8571569397647094,0.9727024567788899,0.9457510161033081,0.9144736842105263,0.97702834799609,0.7473118279569892,0.9935387673956262,0.8224852071005917,0.25268817204301075,21.383075523202912,5.914467697907188,0.08462238398544131,0.01788204518455151,0.070207547952674,0.009752008711178591,10,0.1958772282973742,1999,47,13,139,matched_100hz,reference_100hz,44
gaussian,20.0,2,7919.0,synthetic_stress_test,2198,152,0.06915377825498581,0.9770219169624942,0.8607121130183246,raw_logit,average_precision,0.06915377825498581,0.8600493960657989,0.9695177434030937,0.9409952667592736,0.9078947368421053,0.9740957966764419,0.7225130890052356,0.9930244145490782,0.8046647230320699,0.2774869109947644,24.11282984531392,6.369426751592357,0.08689717925386715,0.01792975970062064,0.07031884574720634,0.010014947566873215,10,0.1958772282973742,1993,53,14,138,matched_100hz,reference_100hz,44
gaussian,10.0,0,7919.0,synthetic_stress_test,2198,152,0.06915377825498581,0.9692210732108864,0.8161005381808842,raw_logit,average_precision,0.06915377825498581,0.8152757055373023,0.9390354868061874,0.9337571384472914,0.9276315789473685,0.9398826979472141,0.5340909090909091,0.9943123061013444,0.6778846153846154,0.4659090909090909,55.9599636032757,5.004549590536851,0.12010919017288443,0.02594439129672293,0.09886743145892181,0.02631971575459284,10,0.1958772282973742,1923,123,11,141,matched_100hz,reference_100hz,44
gaussian,10.0,1,7919.0,synthetic_stress_test,2198,152,0.06915377825498581,0.9697484179657355,0.816716723660185,raw_logit,average_precision,0.06915377825498581,0.8158281275819055,0.9390354868061874,0.9337571384472914,0.9276315789473685,0.9398826979472141,0.5340909090909091,0.9943123061013444,0.6778846153846154,0.4659090909090909,55.9599636032757,5.004549590536851,0.12010919017288443,0.025267045826744303,0.09793153643353814,0.026860688945896393,10,0.1958772282973742,1923,123,11,141,matched_100hz,reference_100hz,44
gaussian,10.0,2,7919.0,synthetic_stress_test,2198,152,0.06915377825498581,0.9698866851880434,0.8153849482371135,raw_logit,average_precision,0.06915377825498581,0.8146119890569126,0.9394904458598726,0.9309564233163554,0.9210526315789473,0.9408602150537635,0.5363984674329502,0.9938048528652556,0.6779661016949152,0.46360153256704983,55.050045495905366,5.45950864422202,0.11874431301182893,0.025735515979447822,0.09807537083730002,0.023875176572537012,10,0.1958772282973742,1925,121,12,140,matched_100hz,reference_100hz,44
gaussian,0.0,0,7919.0,synthetic_stress_test,2198,152,0.06915377825498581,0.8535653650254669,0.34807350954756117,raw_logit,average_precision,0.06915377825498581,0.34477966488748985,0.47361237488626023,0.7050727993003035,0.9736842105263158,0.4364613880742913,0.1137586471944658,0.9955406911928651,0.2037164487267722,0.8862413528055342,524.5677888989991,1.8198362147406733,0.591901728844404,0.12766123947595975,0.4019246719224511,0.2318224709485406,10,0.1958772282973742,893,1153,4,148,matched_100hz,reference_100hz,44
gaussian,0.0,1,7919.0,synthetic_stress_test,2198,152,0.06915377825498581,0.8381115912949529,0.37921666008515265,raw_logit,average_precision,0.06915377825498581,0.37670021663746917,0.47588717015468607,0.6941143180531975,0.9473684210526315,0.44086021505376344,0.11180124223602485,0.9912087912087912,0.2,0.8881987577639752,520.4731574158326,3.6396724294813465,0.5859872611464968,0.12789836775342928,0.4021117427375364,0.2309123110573614,10,0.1958772282973742,902,1144,8,144,matched_100hz,reference_100hz,44
gaussian,0.0,2,7919.0,synthetic_stress_test,2198,152,0.06915377825498581,0.8437612543087925,0.3684376107787212,raw_logit,average_precision,0.06915377825498581,0.36361347274474254,0.4767970882620564,0.7067834542367649,0.9736842105263158,0.4398826979472141,0.1143740340030912,0.995575221238938,0.20470262793914246,0.8856259659969088,521.3830755232029,1.8198362147406733,0.5887170154686078,0.12917376143922463,0.4045585081667803,0.2317637935581186,10,0.1958772282973742,900,1146,4,148,matched_100hz,reference_100hz,44
baseline,20.0,0,7919.0,synthetic_stress_test,2198,152,0.06915377825498581,0.9788644080876678,0.8610323528841644,raw_logit,average_precision,0.06915377825498581,0.860285561817957,0.9749772520473158,0.9469729124864948,0.9144736842105263,0.9794721407624634,0.7679558011049724,0.993554784333168,0.8348348348348348,0.23204419889502761,19.10828025477707,5.914467697907188,0.08234758871701547,0.017387638166819357,0.06838668467064031,0.008930773304635405,10,0.1958772282973742,2004,42,13,139,matched_100hz,reference_100hz,44
baseline,20.0,1,7919.0,synthetic_stress_test,2198,152,0.06915377825498581,0.9787068477645727,0.8596848105514461,raw_logit,average_precision,0.06915377825498581,0.8589325104651897,0.9758871701546861,0.9474616710397695,0.9144736842105263,0.9804496578690127,0.776536312849162,0.9935611688954928,0.8398791540785498,0.22346368715083798,18.198362147406733,5.914467697907188,0.08143767060964513,0.01749796601249053,0.06860248429357609,0.008917215925209818,10,0.1958772282973742,2006,40,13,139,matched_100hz,reference_100hz,44
baseline,20.0,2,7919.0,synthetic_stress_test,2198,152,0.06915377825498581,0.9789608735916036,0.8587487591593896,raw_logit,average_precision,0.06915377825498581,0.857966558573534,0.9740673339399454,0.943439059525647,0.9078947368421053,0.9789833822091887,0.7624309392265194,0.9930589985126426,0.8288288288288288,0.23756906077348067,19.56323930846224,6.369426751592357,0.08234758871701547,0.017435127230426305,0.06836586731837968,0.008661105278318941,10,0.1958772282973742,2003,43,14,138,matched_100hz,reference_100hz,44
baseline,10.0,0,7919.0,synthetic_stress_test,2198,152,0.06915377825498581,0.9788965632556466,0.8624290150457427,raw_logit,average_precision,0.06915377825498581,0.8617797084114305,0.9749772520473158,0.9439278180789217,0.9078947368421053,0.979960899315738,0.770949720670391,0.9930658741951461,0.8338368580060423,0.22905027932960895,18.653321201091902,6.369426751592357,0.08143767060964513,0.017849811113857875,0.06923689601543902,0.01140107251194481,10,0.1958772282973742,2005,41,14,138,matched_100hz,reference_100hz,44
baseline,10.0,1,7919.0,synthetic_stress_test,2198,152,0.06915377825498581,0.9776103565365026,0.8530399872921948,raw_logit,average_precision,0.06915377825498581,0.8520152457002985,0.9749772520473158,0.9469729124864948,0.9144736842105263,0.9794721407624634,0.7679558011049724,0.993554784333168,0.8348348348348348,0.23204419889502761,19.10828025477707,5.914467697907188,0.08234758871701547,0.017383043034520387,0.06916975114825955,0.011570240942748111,10,0.1958772282973742,2004,42,13,139,matched_100hz,reference_100hz,44
baseline,10.0,2,7919.0,synthetic_stress_test,2198,152,0.06915377825498581,0.9776167875700983,0.8586128866989001,raw_logit,average_precision,0.06915377825498581,0.857887331909157,0.9736123748862603,0.9462397746565828,0.9144736842105263,0.9780058651026393,0.7554347826086957,0.993545183714002,0.8273809523809523,0.24456521739130435,20.473157415832574,5.914467697907188,0.08371246587807098,0.01805748213266689,0.06984632747730873,0.01114568061971777,10,0.1958772282973742,2001,45,13,139,matched_100hz,reference_100hz,44
baseline,0.0,0,7919.0,synthetic_stress_test,2198,152,0.06915377825498581,0.9769190204249627,0.8414341462019593,raw_logit,average_precision,0.06915377825498581,0.8406106583453874,0.9695177434030937,0.9440403611668468,0.9144736842105263,0.9736070381231672,0.7202072538860104,0.9935162094763093,0.8057971014492754,0.27979274611398963,24.56778889899909,5.914467697907188,0.08780709736123748,0.020664239356809413,0.07733611860094441,0.014141988049498068,10,0.1958772282973742,1992,54,13,139,matched_100hz,reference_100hz,44
baseline,0.0,1,7919.0,synthetic_stress_test,2198,152,0.06915377825498581,0.9763981067037094,0.8458193661802721,raw_logit,average_precision,0.06915377825498581,0.8451506725803886,0.9690627843494085,0.937705793075063,0.9013157894736842,0.9740957966764419,0.7210526315789474,0.9925298804780877,0.8011695906432749,0.2789473684210526,24.11282984531392,6.824385805277525,0.08644222020018198,0.020961361946561608,0.07802041255600936,0.013613775961511164,10,0.1958772282973742,1993,53,15,137,matched_100hz,reference_100hz,44
baseline,0.0,2,7919.0,synthetic_stress_test,2198,152,0.06915377825498581,0.9763273653341565,0.8301320581931717,raw_logit,average_precision,0.06915377825498581,0.8287860108600565,0.9663330300272975,0.9362395174152389,0.9013157894736842,0.9711632453567938,0.6989795918367347,0.9925074925074925,0.7873563218390804,0.3010204081632653,26.84258416742493,6.824385805277525,0.08917197452229299,0.020971334482006197,0.0777268691523311,0.01402940968024309,10,0.1958772282973742,1987,59,15,137,matched_100hz,reference_100hz,44
motion,20.0,0,7919.0,synthetic_stress_test,2198,152,0.06915377825498581,0.9786489684622113,0.8611301393879819,raw_logit,average_precision,0.06915377825498581,0.8604380909651617,0.9736123748862603,0.9462397746565828,0.9144736842105263,0.9780058651026393,0.7554347826086957,0.993545183714002,0.8273809523809523,0.24456521739130435,20.473157415832574,5.914467697907188,0.08371246587807098,0.017605713447326584,0.06881041094869346,0.009212267037291734,10,0.1958772282973742,2001,45,13,139,matched_100hz,reference_100hz,44
motion,20.0,1,7919.0,synthetic_stress_test,2198,152,0.06915377825498581,0.9788965632556463,0.8614770410662775,raw_logit,average_precision,0.06915377825498581,0.8607402700254896,0.9745222929936306,0.9467285332098575,0.9144736842105263,0.9789833822091887,0.7637362637362637,0.9935515873015873,0.8323353293413174,0.23626373626373626,19.56323930846224,5.914467697907188,0.08280254777070063,0.01752793373709925,0.06862261289210465,0.009283228028807546,10,0.1958772282973742,2003,43,13,139,matched_100hz,reference_100hz,44
motion,20.0,2,7919.0,synthetic_stress_test,2198,152,0.06915377825498581,0.9786553994958069,0.8620657447488551,raw_logit,average_precision,0.06915377825498581,0.8613538070727671,0.9758871701546861,0.9474616710397695,0.9144736842105263,0.9804496578690127,0.776536312849162,0.9935611688954928,0.8398791540785498,0.22346368715083798,18.198362147406733,5.914467697907188,0.08143767060964513,0.017425028134568362,0.06836946021841346,0.010096293425784471,10,0.1958772282973742,2006,40,13,139,matched_100hz,reference_100hz,44
motion,10.0,0,7919.0,synthetic_stress_test,2198,152,0.06915377825498581,0.978539640891084,0.8578249388615771,raw_logit,average_precision,0.06915377825498581,0.857111145569526,0.9740673339399454,0.9464841539332202,0.9144736842105263,0.978494623655914,0.7595628415300546,0.9935483870967742,0.8298507462686567,0.24043715846994534,20.018198362147405,5.914467697907188,0.0832575068243858,0.018246094989549426,0.07037525511832397,0.011536902052228149,10,0.1958772282973742,2002,44,13,139,matched_100hz,reference_100hz,44
motion,10.0,1,7919.0,synthetic_stress_test,2198,152,0.06915377825498581,0.9778611668467356,0.8592044967285175,raw_logit,average_precision,0.06915377825498581,0.8583984989671335,0.9731574158325751,0.9459953953799455,0.9144736842105263,0.9775171065493646,0.7513513513513513,0.9935419771485345,0.8249258160237388,0.24864864864864866,20.928116469517743,5.914467697907188,0.08416742493175614,0.018046280184898133,0.0703881925775381,0.0119376279606608,10,0.1958772282973742,2000,46,13,139,matched_100hz,reference_100hz,44
motion,10.0,2,7919.0,synthetic_stress_test,2198,152,0.06915377825498581,0.9786232443278283,0.8581212680137137,raw_logit,average_precision,0.06915377825498581,0.8574169768883336,0.9727024567788899,0.9487961105108813,0.9210526315789473,0.9765395894428153,0.7446808510638298,0.9940298507462687,0.8235294117647058,0.2553191489361702,21.83803457688808,5.45950864422202,0.08553230209281165,0.018223049049863677,0.06987094033504648,0.012033836888734882,10,0.1958772282973742,1998,48,12,140,matched_100hz,reference_100hz,44
motion,0.0,0,7919.0,synthetic_stress_test,2198,152,0.06915377825498581,0.9769961928281112,0.8359498832353317,raw_logit,average_precision,0.06915377825498581,0.834898926869607,0.9695177434030937,0.9379501723517003,0.9013157894736842,0.9745845552297165,0.7248677248677249,0.9925335988053758,0.8035190615835777,0.2751322751322751,23.657870791628753,6.824385805277525,0.08598726114649681,0.021927620398802073,0.08099089623423282,0.018370682499196524,10,0.1958772282973742,1994,52,15,137,matched_100hz,reference_100hz,44
motion,0.0,1,7919.0,synthetic_stress_test,2198,152,0.06915377825498581,0.9787261408653599,0.8616077838485585,raw_logit,average_precision,0.06915377825498581,0.8610384648048932,0.9713375796178344,0.941972783865823,0.9078947368421053,0.9760508308895406,0.7379679144385026,0.9930382894082546,0.8141592920353983,0.2620320855614973,22.29299363057325,6.369426751592357,0.08507734303912648,0.020989069464919775,0.07774499274448907,0.018213160307193596,10,0.1958772282973742,1997,49,14,138,matched_100hz,reference_100hz,44
motion,0.0,2,7919.0,synthetic_stress_test,2198,152,0.06915377825498581,0.9761440808766785,0.8563383816674895,raw_logit,average_precision,0.06915377825498581,0.8554151877005389,0.9681528662420382,0.9372170345217883,0.9013157894736842,0.9731182795698925,0.7135416666666666,0.9925224327018943,0.7965116279069767,0.2864583333333333,25.02274795268426,6.824385805277525,0.08735213830755233,0.02119128549845184,0.07930940510463877,0.019689064253680194,10,0.1958772282973742,1991,55,15,137,matched_100hz,reference_100hz,44
retain_I_only,,0,,test_time_lead_ablation_not_single_lead_retraining,2198,152,0.06915377825498581,0.544821088645367,0.08385689629474755,raw_logit,average_precision,0.06915377825498581,0.08168846150835678,0.7925386715195633,0.5170615321294438,0.19736842105263158,0.8367546432062561,0.08241758241758242,0.9334787350054525,0.11627906976744186,0.9175824175824175,151.95632393084622,55.50500454959054,0.16560509554140126,0.07618086441833809,0.30703418226757745,0.07084564772331481,10,0.1958772282973742,1712,334,122,30,matched_100hz,reference_100hz,44
retain_II_only,,0,,test_time_lead_ablation_not_single_lead_retraining,2198,152,0.06915377825498581,0.5048554303647682,0.07340766662383691,raw_logit,average_precision,0.06915377825498581,0.0719581038616431,0.6901728844404004,0.5321133662602253,0.34868421052631576,0.7155425219941349,0.08346456692913386,0.9366602687140115,0.13468869123252858,0.9165354330708662,264.78616924476796,45.040946314831665,0.2888989990900819,0.11238910910387737,0.433809827236329,0.13391865489830673,10,0.1958772282973742,1464,582,99,53,matched_100hz,reference_100hz,44
gaussian,20.0,0,7919.0,synthetic_stress_test,2198,152,0.06915377825498581,0.9661534701857283,0.6983587484419134,raw_logit,average_precision,0.06915377825498581,0.7062050685585162,0.8121019108280255,0.8838458867109121,0.9671052631578947,0.8005865102639296,0.2648648648648649,0.996956786366403,0.4158415841584158,0.7351351351351352,185.62329390354867,2.2747952684258417,0.25250227479526843,0.030726447165756933,0.10591241056053147,0.012452392338142451,10,0.016031658962758207,1638,408,5,147,matched_100hz,tiny_100hz,42
gaussian,20.0,1,7919.0,synthetic_stress_test,2198,152,0.06915377825498581,0.9645746514379792,0.6920467707734561,raw_logit,average_precision,0.06915377825498581,0.6990276462660504,0.8125568698817106,0.8840902659875495,0.9671052631578947,0.8010752688172043,0.26534296028880866,0.9969586374695864,0.4164305949008499,0.7346570397111913,185.1683348498635,2.2747952684258417,0.25204731574158323,0.03038457661094444,0.10721578314539287,0.014329734856756024,10,0.016031658962758207,1639,407,5,147,matched_100hz,tiny_100hz,42
gaussian,20.0,2,7919.0,synthetic_stress_test,2198,152,0.06915377825498581,0.965013569480887,0.6985120096420898,raw_logit,average_precision,0.06915377825498581,0.7050459074866451,0.8125568698817106,0.8840902659875495,0.9671052631578947,0.8010752688172043,0.26534296028880866,0.9969586374695864,0.4164305949008499,0.7346570397111913,185.1683348498635,2.2747952684258417,0.25204731574158323,0.030710406433373815,0.10724138655736716,0.013186006361072334,10,0.016031658962758207,1639,407,5,147,matched_100hz,tiny_100hz,42
gaussian,10.0,0,7919.0,synthetic_stress_test,2198,152,0.06915377825498581,0.9303277897823738,0.5698423126460235,raw_logit,average_precision,0.06915377825498581,0.5700058656801354,0.3116469517743403,0.6272090600401297,0.993421052631579,0.26099706744868034,0.09079975947083584,0.9981308411214953,0.16639118457300275,0.9092002405291641,687.8980891719746,0.4549590536851683,0.7565969062784349,0.0633259131979047,0.21945879384661812,0.10682406442086062,10,0.016031658962758207,534,1512,1,151,matched_100hz,tiny_100hz,42
gaussian,10.0,1,7919.0,synthetic_stress_test,2198,152,0.06915377825498581,0.9254225189072387,0.5714464408973077,raw_logit,average_precision,0.06915377825498581,0.5695408838437751,0.30800727934485894,0.6252540258270309,0.993421052631579,0.2570869990224829,0.09036505086774387,0.9981024667931688,0.16566099835436093,0.9096349491322562,691.5377616014558,0.4549590536851683,0.7602365787079163,0.06158382374836222,0.2151927966132221,0.10023273076110041,10,0.016031658962758207,526,1520,1,151,matched_100hz,tiny_100hz,42
gaussian,10.0,2,7919.0,synthetic_stress_test,2198,152,0.06915377825498581,0.9208178988527036,0.5280769703109275,raw_logit,average_precision,0.06915377825498581,0.5257670726190873,0.31983621474067336,0.6316078870196018,0.993421052631579,0.2697947214076246,0.09179331306990882,0.9981916817359855,0.16805787423483584,0.9082066869300912,679.7088262056415,0.4549590536851683,0.7484076433121019,0.0634113574170989,0.2198765990199554,0.10149818270764466,10,0.016031658962758207,552,1494,1,151,matched_100hz,tiny_100hz,42
gaussian,0.0,0,7919.0,synthetic_stress_test,2198,152,0.06915377825498581,0.6735028553789165,0.1532980874186732,raw_logit,average_precision,0.06915377825498581,0.15415726737976743,0.07006369426751592,0.4943985697381283,0.9868421052631579,0.0019550342130987292,0.06843065693430657,0.6666666666666666,0.12798634812286688,0.9315693430656934,929.0263876251138,0.9099181073703366,0.997270245677889,0.23267683550417942,0.6526959354029889,0.38916862011544745,10,0.016031658962758207,4,2042,2,150,matched_100hz,tiny_100hz,42
gaussian,0.0,1,7919.0,synthetic_stress_test,2198,152,0.06915377825498581,0.6394633945567731,0.13862036182259257,raw_logit,average_precision,0.06915377825498581,0.13769810462309887,0.0705186533212011,0.500733137829912,1.0,0.001466275659824047,0.06924829157175398,1.0,0.12952705581593524,0.9307517084282461,929.4813466787989,0.0,0.9986351228389445,0.23035944134299122,0.6467641502442308,0.38367370811446805,10,0.016031658962758207,3,2043,0,152,matched_100hz,tiny_100hz,42
gaussian,0.0,2,7919.0,synthetic_stress_test,2198,152,0.06915377825498581,0.7008781576374954,0.17615185654856869,raw_logit,average_precision,0.06915377825498581,0.17539914881483565,0.07142857142857142,0.5012218963831867,1.0,0.0024437927663734115,0.06931144550843593,1.0,0.129637526652452,0.9306885544915641,928.5714285714286,0.0,0.9977252047315741,0.22546748681962003,0.6354287034668928,0.3829705091043896,10,0.016031658962758207,5,2041,0,152,matched_100hz,tiny_100hz,42
baseline,20.0,0,7919.0,synthetic_stress_test,2198,152,0.06915377825498581,0.9685570689921283,0.7061437820544647,raw_logit,average_precision,0.06915377825498581,0.7165090342032653,0.8789808917197452,0.9197696403766014,0.9671052631578947,0.8724340175953079,0.3602941176470588,0.9972067039106145,0.525,0.6397058823529411,118.74431301182894,2.2747952684258417,0.18562329390354868,0.02789862334969421,0.09991162369801142,0.010739294401178295,10,0.016031658962758207,1785,261,5,147,matched_100hz,tiny_100hz,42
baseline,20.0,1,7919.0,synthetic_stress_test,2198,152,0.06915377825498581,0.9678673406389875,0.7038835258592195,raw_logit,average_precision,0.06915377825498581,0.7097865714294611,0.8821656050955414,0.9214802953130627,0.9671052631578947,0.8758553274682307,0.36658354114713215,0.9972175848636616,0.5316455696202531,0.6334164588528678,115.55959963603276,2.2747952684258417,0.1824385805277525,0.02803424969183909,0.10078814523288271,0.014451351626485429,10,0.016031658962758207,1792,254,5,147,matched_100hz,tiny_100hz,42
baseline,20.0,2,7919.0,synthetic_stress_test,2198,152,0.06915377825498581,0.9684139784946236,0.6994813106586371,raw_logit,average_precision,0.06915377825498581,0.7087185361157066,0.8821656050955414,0.9214802953130627,0.9671052631578947,0.8758553274682307,0.36658354114713215,0.9972175848636616,0.5316455696202531,0.6334164588528678,115.55959963603276,2.2747952684258417,0.1824385805277525,0.027845616234686794,0.09949970362269635,0.011233456377547569,10,0.016031658962758207,1792,254,5,147,matched_100hz,tiny_100hz,42
baseline,10.0,0,7919.0,synthetic_stress_test,2198,152,0.06915377825498581,0.9652081082471574,0.6663649528750641,raw_logit,average_precision,0.06915377825498581,0.6707410155942398,0.8794358507734303,0.9139238308380924,0.9539473684210527,0.873900293255132,0.3598014888337469,0.996100278551532,0.5225225225225225,0.6401985111662531,117.37943585077343,3.1847133757961785,0.18334849863512284,0.02993343308972494,0.1041505346265662,0.011255404396037068,10,0.016031658962758207,1788,258,7,145,matched_100hz,tiny_100hz,42
baseline,10.0,1,7919.0,synthetic_stress_test,2198,152,0.06915377825498581,0.9676679785975203,0.6800895160312774,raw_logit,average_precision,0.06915377825498581,0.6872560923598552,0.8835304822565969,0.9191683387354015,0.9605263157894737,0.8778103616813294,0.3686868686868687,0.9966703662597114,0.5328467153284672,0.6313131313131313,113.73976342129208,2.72975432211101,0.18016378525932666,0.028605112524852427,0.10008242679624905,0.011614732528296052,10,0.016031658962758207,1796,250,6,146,matched_100hz,tiny_100hz,42
baseline,10.0,2,7919.0,synthetic_stress_test,2198,152,0.06915377825498581,0.9671213407418839,0.6627697525268267,raw_logit,average_precision,0.06915377825498581,0.6667195322634446,0.8876251137397634,0.9213677522251376,0.9605263157894737,0.8822091886608016,0.3772609819121447,0.9966869133075649,0.5417439703153989,0.6227390180878553,109.64513193812557,2.72975432211101,0.17606915377616014,0.029445124356814515,0.10238770219259502,0.014782813306688023,10,0.016031658962758207,1805,241,6,146,matched_100hz,tiny_100hz,42
baseline,0.0,0,7919.0,synthetic_stress_test,2198,152,0.06915377825498581,0.9581146781910789,0.5325949967637167,raw_logit,average_precision,0.06915377825498581,0.528137867030091,0.8662420382165605,0.9129270206307558,0.9671052631578947,0.8587487781036168,0.33715596330275227,0.9971623155505108,0.5,0.6628440366972477,131.48316651501364,2.2747952684258417,0.19836214740673339,0.042088118624871815,0.1335904040573653,0.026787102535848577,10,0.016031658962758207,1757,289,5,147,matched_100hz,tiny_100hz,42
baseline,0.0,1,7919.0,synthetic_stress_test,2198,152,0.06915377825498581,0.9559667129701086,0.5747290323076802,raw_logit,average_precision,0.06915377825498581,0.5730416753005095,0.8712465878070974,0.9156151926737666,0.9671052631578947,0.8641251221896383,0.3458823529411765,0.9971799210377891,0.5095320623916811,0.6541176470588236,126.4786169244768,2.2747952684258417,0.19335759781619655,0.03937249322990192,0.12988600361034072,0.02310028696438808,10,0.016031658962758207,1768,278,5,147,matched_100hz,tiny_100hz,42
baseline,0.0,2,7919.0,synthetic_stress_test,2198,152,0.06915377825498581,0.9572561352060502,0.563368473645571,raw_logit,average_precision,0.06915377825498581,0.562288139959878,0.864877161055505,0.9061036939856975,0.9539473684210527,0.8582600195503421,0.3333333333333333,0.9960294951786727,0.4940374787052811,0.6666666666666666,131.9381255686988,3.1847133757961785,0.1979071883530482,0.0403746179749519,0.12992073393349468,0.023677505944539844,10,0.016031658962758207,1756,290,7,145,matched_100hz,tiny_100hz,42
motion,20.0,0,7919.0,synthetic_stress_test,2198,152,0.06915377825498581,0.9670441683387354,0.7011647237165157,raw_logit,average_precision,0.06915377825498581,0.7091939477174298,0.8803457688808007,0.9205027782065134,0.9671052631578947,0.873900293255132,0.362962962962963,0.9972113775794758,0.5278276481149012,0.6370370370370371,117.37943585077343,2.2747952684258417,0.1842584167424932,0.02808062671047355,0.10057657224790266,0.01068375356021193,10,0.016031658962758207,1788,258,5,147,matched_100hz,tiny_100hz,42
motion,20.0,1,7919.0,synthetic_stress_test,2198,152,0.06915377825498581,0.9681438750836033,0.70007404257686,raw_logit,average_precision,0.06915377825498581,0.7083148718602473,0.8808007279344859,0.9207471574831507,0.9671052631578947,0.8743890518084066,0.36386138613861385,0.9972129319955407,0.5287769784172662,0.6361386138613861,116.92447679708826,2.2747952684258417,0.18380345768880801,0.028101170253831503,0.0997653448655058,0.00999040243740868,10,0.016031658962758207,1789,257,5,147,matched_100hz,tiny_100hz,42
motion,20.0,2,7919.0,synthetic_stress_test,2198,152,0.06915377825498581,0.9666004270206308,0.699480536614398,raw_logit,average_precision,0.06915377825498581,0.7054140556007562,0.8808007279344859,0.9207471574831507,0.9671052631578947,0.8743890518084066,0.36386138613861385,0.9972129319955407,0.5287769784172662,0.6361386138613861,116.92447679708826,2.2747952684258417,0.18380345768880801,0.02863198596388342,0.10236113105452013,0.011288859660002546,10,0.016031658962758207,1789,257,5,147,matched_100hz,tiny_100hz,42
motion,10.0,0,7919.0,synthetic_stress_test,2198,152,0.06915377825498581,0.966365694294387,0.7035914578031303,raw_logit,average_precision,0.06915377825498581,0.708921184848202,0.8735213830755232,0.9168370890569533,0.9671052631578947,0.8665689149560117,0.35,0.9971878515185602,0.513986013986014,0.65,124.20382165605096,2.2747952684258417,0.1910828025477707,0.028416750059439742,0.10130734558235138,0.009768168752849981,10,0.016031658962758207,1773,273,5,147,matched_100hz,tiny_100hz,42
motion,10.0,1,7919.0,synthetic_stress_test,2198,152,0.06915377825498581,0.9679461208005351,0.7014356784577503,raw_logit,average_precision,0.06915377825498581,0.7027060752575056,0.8780709736123748,0.9162357874157534,0.9605263157894737,0.8719452590420332,0.35784313725490197,0.9966480446927374,0.5214285714285715,0.6421568627450981,119.19927206551411,2.72975432211101,0.18562329390354868,0.02975210976460464,0.10249535264050758,0.010535954578010627,10,0.016031658962758207,1784,262,6,146,matched_100hz,tiny_100hz,42
motion,10.0,2,7919.0,synthetic_stress_test,2198,152,0.06915377825498581,0.9666132890878222,0.6708784909811848,raw_logit,average_precision,0.06915377825498581,0.6743460327694313,0.8685168334849863,0.9141489170139425,0.9671052631578947,0.8611925708699902,0.34106728538283065,0.9971703452178834,0.5042881646655232,0.6589327146171694,129.2083712465878,2.2747952684258417,0.19608735213830755,0.030103112251153252,0.1028258616086307,0.01099160512025646,10,0.016031658962758207,1762,284,5,147,matched_100hz,tiny_100hz,42
motion,0.0,0,7919.0,synthetic_stress_test,2198,152,0.06915377825498581,0.9526225755003345,0.576508745063758,raw_logit,average_precision,0.06915377825498581,0.5735333854396906,0.8020928116469518,0.8845597314400371,0.9802631578947368,0.7888563049853372,0.25645438898450945,0.9981447124304267,0.40654843110504774,0.7435456110154905,196.54231119199272,1.364877161055505,0.2643312101910828,0.038464596046109974,0.12648036007708624,0.013044114848802434,10,0.016031658962758207,1614,432,3,149,matched_100hz,tiny_100hz,42
motion,0.0,1,7919.0,synthetic_stress_test,2198,152,0.06915377825498581,0.9569924628286257,0.5918979255934821,raw_logit,average_precision,0.06915377825498581,0.5885572441054318,0.8070973612374887,0.8842028090754745,0.9736842105263158,0.7947214076246334,0.2605633802816901,0.9975460122699387,0.4111111111111111,0.7394366197183099,191.0828025477707,1.8198362147406733,0.2584167424931756,0.036949813297278866,0.12135161554029611,0.01303332404299202,10,0.016031658962758207,1626,420,4,148,matched_100hz,tiny_100hz,42
motion,0.0,2,7919.0,synthetic_stress_test,2198,152,0.06915377825498581,0.9501852137675566,0.5144177635899114,raw_logit,average_precision,0.06915377825498581,0.509843790313818,0.8034576888080073,0.8822477748623758,0.9736842105263158,0.7908113391984359,0.2569444444444444,0.9975339087546239,0.4065934065934066,0.7430555555555556,194.72247497725203,1.8198362147406733,0.26205641492265697,0.04148853926389641,0.13247600009904353,0.01713130426965247,10,0.016031658962758207,1618,428,4,148,matched_100hz,tiny_100hz,42
retain_I_only,,0,,test_time_lead_ablation_not_single_lead_retraining,2198,152,0.06915377825498581,0.34599603848330507,0.059527128263477294,raw_logit,average_precision,0.06915377825498581,0.06673801795205526,0.16833484986351227,0.38883958429798837,0.6447368421052632,0.13294232649071358,0.05235042735042735,0.8343558282208589,0.09683794466403162,0.9476495726495726,807.0973612374886,24.56778889899909,0.8516833484986351,0.19735389847658671,0.7309346064461636,0.3011397505891677,10,0.016031658962758207,272,1774,54,98,matched_100hz,tiny_100hz,42
retain_II_only,,0,,test_time_lead_ablation_not_single_lead_retraining,2198,152,0.06915377825498581,0.4641855739054381,0.0639988875365513,raw_logit,average_precision,0.06915377825498581,0.08836401164529475,0.07279344858962693,0.489774656582806,0.9736842105263158,0.005865102639296188,0.06782768102658111,0.75,0.1268209083119109,0.9321723189734189,925.3867151956324,1.8198362147406733,0.9927206551410374,0.3726847461539566,0.9595531708002837,0.5253488522299231,10,0.016031658962758207,12,2034,4,148,matched_100hz,tiny_100hz,42
gaussian,20.0,0,7919.0,synthetic_stress_test,2198,152,0.06915377825498581,0.9747871327879817,0.7932209402983489,raw_logit,average_precision,0.06915377825498581,0.7888430069361541,0.9463148316651502,0.9376672068734888,0.9276315789473685,0.947702834799609,0.5685483870967742,0.9943589743589744,0.705,0.4314516129032258,48.68061874431301,5.004549590536851,0.11282984531392175,0.023186429863358397,0.08581245883295804,0.011080120865092899,10,0.11998794821716446,1939,107,11,141,matched_100hz,tiny_100hz,43
gaussian,20.0,1,7919.0,synthetic_stress_test,2198,152,0.06915377825498581,0.9738674949837938,0.7840094797582547,raw_logit,average_precision,0.06915377825498581,0.7811826387478573,0.9494995450409464,0.9393778618099502,0.9276315789473685,0.9511241446725318,0.5850622406639004,0.9943791517629024,0.7175572519083969,0.4149377593360996,45.49590536851683,5.004549590536851,0.10964513193812557,0.02396461189065128,0.08811692592295334,0.012429518846409563,10,0.11998794821716446,1946,100,11,141,matched_100hz,tiny_100hz,43
gaussian,20.0,2,7919.0,synthetic_stress_test,2198,152,0.06915377825498581,0.9745331069609506,0.798748575530262,raw_logit,average_precision,0.06915377825498581,0.7950025032577803,0.9499545040946314,0.9426673354941606,0.9342105263157895,0.9511241446725318,0.5867768595041323,0.9948875255623721,0.7208121827411168,0.4132231404958678,45.49590536851683,4.549590536851683,0.11010009099181074,0.02295882044860036,0.08547699261571542,0.008256730975781425,10,0.11998794821716446,1946,100,10,142,matched_100hz,tiny_100hz,43
gaussian,10.0,0,7919.0,synthetic_stress_test,2198,152,0.06915377825498581,0.9634427895251325,0.7308779294493808,raw_logit,average_precision,0.06915377825498581,0.7262429290535785,0.8839854413102821,0.9072323403817462,0.9342105263157895,0.8802541544477028,0.3669250645994832,0.9944781888459415,0.5269016697588126,0.6330749354005168,111.46496815286625,4.549590536851683,0.17606915377616014,0.030276862786386492,0.11720679077121048,0.03525040978579129,10,0.11998794821716446,1801,245,10,142,matched_100hz,tiny_100hz,43
gaussian,10.0,1,7919.0,synthetic_stress_test,2198,152,0.06915377825498581,0.9638157894736842,0.7276467031169866,raw_logit,average_precision,0.06915377825498581,0.7254557208028775,0.8794358507734303,0.9108787364305191,0.9473684210526315,0.8743890518084066,0.35910224438902744,0.9955481357818586,0.5207956600361664,0.6408977556109726,116.92447679708826,3.6396724294813465,0.1824385805277525,0.031558629781830896,0.11917829280828521,0.031037610621543768,10,0.11998794821716446,1789,257,8,144,matched_100hz,tiny_100hz,43
gaussian,10.0,2,7919.0,synthetic_stress_test,2198,152,0.06915377825498581,0.9667097545917579,0.766858470003404,raw_logit,average_precision,0.06915377825498581,0.7627981641637133,0.8817106460418562,0.8999202551834131,0.9210526315789473,0.8787878787878788,0.36082474226804123,0.9933701657458563,0.5185185185185185,0.6391752577319587,112.82984531392175,5.45950864422202,0.17652411282984531,0.02953807184273773,0.1142260278714739,0.03087340456691536,10,0.11998794821716446,1798,248,12,140,matched_100hz,tiny_100hz,43
gaussian,0.0,0,7919.0,synthetic_stress_test,2198,152,0.06915377825498581,0.8443336162988117,0.3264966959933469,raw_logit,average_precision,0.06915377825498581,0.3210971886812933,0.34622383985441313,0.6305564130267016,0.9605263157894737,0.30058651026392963,0.09258084971464807,0.9903381642512077,0.16888374783111626,0.9074191502853519,651.0464058234759,2.72975432211101,0.7174704276615105,0.07297042798267628,0.2797904271394007,0.13192532680358698,10,0.11998794821716446,615,1431,6,146,matched_100hz,tiny_100hz,43
gaussian,0.0,1,7919.0,synthetic_stress_test,2198,152,0.06915377825498581,0.8385971343314298,0.3122540100472022,raw_logit,average_precision,0.06915377825498581,0.30676943437260484,0.3635122838944495,0.6489781087616402,0.9802631578947368,0.3176930596285435,0.0964401294498382,0.9954058192955589,0.1756040070713023,0.9035598705501618,635.122838944495,1.364877161055505,0.7029117379435851,0.07273878263879366,0.27826061356026827,0.1283119419867396,10,0.11998794821716446,650,1396,3,149,matched_100hz,tiny_100hz,43
gaussian,0.0,2,7919.0,synthetic_stress_test,2198,152,0.06915377825498581,0.8369765138653085,0.30567053185366544,raw_logit,average_precision,0.06915377825498581,0.30144175026125797,0.35168334849863514,0.6365340587539229,0.9671052631578947,0.30596285434995113,0.09380982769623485,0.9920760697305864,0.17102966841186737,0.9061901723037652,646.041856232939,2.2747952684258417,0.7129208371246588,0.07371664081758622,0.2804427634446008,0.13104043382672817,10,0.11998794821716446,626,1420,5,147,matched_100hz,tiny_100hz,43
baseline,20.0,0,7919.0,synthetic_stress_test,2198,152,0.06915377825498581,0.975218012038895,0.7914460923721102,raw_logit,average_precision,0.06915377825498581,0.7869985483598415,0.9522292993630573,0.937799043062201,0.9210526315789473,0.9545454545454546,0.6008583690987125,0.9938931297709923,0.7272727272727273,0.39914163090128757,42.31119199272066,5.45950864422202,0.10600545950864422,0.022736154693208683,0.0852743254360398,0.009380249026042058,10,0.11998794821716446,1953,93,12,140,matched_100hz,tiny_100hz,43
baseline,20.0,1,7919.0,synthetic_stress_test,2198,152,0.06915377825498581,0.975147270669342,0.7874865197718558,raw_logit,average_precision,0.06915377825498581,0.7830206075240691,0.9526842584167425,0.9380434223388383,0.9210526315789473,0.9550342130987293,0.603448275862069,0.9938962360122076,0.7291666666666666,0.39655172413793105,41.856232939035486,5.45950864422202,0.10555050045495905,0.02280768292429187,0.08572932972095895,0.007851648861649104,10,0.11998794821716446,1954,92,12,140,matched_100hz,tiny_100hz,43
baseline,20.0,2,7919.0,synthetic_stress_test,2198,152,0.06915377825498581,0.9752244430724906,0.7917314366566744,raw_logit,average_precision,0.06915377825498581,0.7873042777139743,0.9526842584167425,0.9380434223388383,0.9210526315789473,0.9550342130987293,0.603448275862069,0.9938962360122076,0.7291666666666666,0.39655172413793105,41.856232939035486,5.45950864422202,0.10555050045495905,0.022912522664153116,0.08540508913696274,0.008007328615491962,10,0.11998794821716446,1954,92,12,140,matched_100hz,tiny_100hz,43
baseline,10.0,0,7919.0,synthetic_stress_test,2198,152,0.06915377825498581,0.9769833307609199,0.7950509023632064,raw_logit,average_precision,0.06915377825498581,0.7906411994824396,0.9526842584167425,0.9380434223388383,0.9210526315789473,0.9550342130987293,0.603448275862069,0.9938962360122076,0.7291666666666666,0.39655172413793105,41.856232939035486,5.45950864422202,0.10555050045495905,0.022867605931843313,0.08420235221595335,0.0058078120986103455,10,0.11998794821716446,1954,92,12,140,matched_100hz,tiny_100hz,43
baseline,10.0,1,7919.0,synthetic_stress_test,2198,152,0.06915377825498581,0.9748868138087154,0.7871204666940204,raw_logit,average_precision,0.06915377825498581,0.7825480222596555,0.9504094631483166,0.9398666203632249,0.9276315789473685,0.9521016617790812,0.5899581589958159,0.9943848902501277,0.7212276214833759,0.4100418410041841,44.5859872611465,5.004549590536851,0.10873521383075523,0.022534771125057786,0.08545800450182921,0.008556183586837723,10,0.11998794821716446,1948,98,11,141,matched_100hz,tiny_100hz,43
baseline,10.0,2,7919.0,synthetic_stress_test,2198,152,0.06915377825498581,0.975902917116839,0.7970187233408077,raw_logit,average_precision,0.06915377825498581,0.7926694845484438,0.9508644222020018,0.9401109996398622,0.9276315789473685,0.9525904203323559,0.592436974789916,0.9943877551020408,0.7230769230769231,0.40756302521008403,44.13102820746133,5.004549590536851,0.10828025477707007,0.022731382950267012,0.0842535606246542,0.008385403874923618,10,0.11998794821716446,1949,97,11,141,matched_100hz,tiny_100hz,43
baseline,0.0,0,7919.0,synthetic_stress_test,2198,152,0.06915377825498581,0.9755459947522767,0.7745595625008997,raw_logit,average_precision,0.06915377825498581,0.7700990112612395,0.934940855323021,0.9346028193651283,0.9342105263157895,0.9349951124144672,0.5163636363636364,0.9947997919916797,0.6651053864168618,0.48363636363636364,60.50955414012739,4.549590536851683,0.1251137397634213,0.024922986946713157,0.09020219273670628,0.010212320899788654,10,0.11998794821716446,1913,133,10,142,matched_100hz,tiny_100hz,43
baseline,0.0,1,7919.0,synthetic_stress_test,2198,152,0.06915377825498581,0.9751086844677676,0.769853822392916,raw_logit,average_precision,0.06915377825498581,0.7651401112076743,0.934940855323021,0.9406930081802747,0.9473684210526315,0.9340175953079178,0.5161290322580645,0.9958311620635748,0.6682134570765661,0.4838709677419355,61.41947224749772,3.6396724294813465,0.12693357597816196,0.02419245970007263,0.08967670749144871,0.012976436875775743,10,0.11998794821716446,1911,135,8,144,matched_100hz,tiny_100hz,43
baseline,0.0,2,7919.0,synthetic_stress_test,2198,152,0.06915377825498581,0.973980038071719,0.7638402748153632,raw_logit,average_precision,0.06915377825498581,0.7597241055881604,0.9344858962693358,0.9404486289036373,0.9473684210526315,0.9335288367546432,0.5142857142857142,0.9958289885297185,0.6666666666666666,0.4857142857142857,61.874431301182895,3.6396724294813465,0.12738853503184713,0.024657605878519527,0.09122489914669238,0.014096983355608201,10,0.11998794821716446,1910,136,8,144,matched_100hz,tiny_100hz,43
motion,20.0,0,7919.0,synthetic_stress_test,2198,152,0.06915377825498581,0.9752791068580542,0.7938104469323125,raw_logit,average_precision,0.06915377825498581,0.7894329749517119,0.9535941765241128,0.9415772752996863,0.9276315789473685,0.955522971652004,0.6077586206896551,0.9944048830111902,0.734375,0.3922413793103448,41.40127388535032,5.004549590536851,0.10555050045495905,0.022685167665073717,0.08511920927672836,0.008222202317298592,10,0.11998794821716446,1955,91,11,141,matched_100hz,tiny_100hz,43
motion,20.0,1,7919.0,synthetic_stress_test,2198,152,0.06915377825498581,0.9755974430210425,0.7900100647618727,raw_logit,average_precision,0.06915377825498581,0.785547806709306,0.9526842584167425,0.9380434223388383,0.9210526315789473,0.9550342130987293,0.603448275862069,0.9938962360122076,0.7291666666666666,0.39655172413793105,41.856232939035486,5.45950864422202,0.10555050045495905,0.022782424019697562,0.08502959333685073,0.006631154187771213,10,0.11998794821716446,1954,92,12,140,matched_100hz,tiny_100hz,43
motion,20.0,2,7919.0,synthetic_stress_test,2198,152,0.06915377825498581,0.9752373051396821,0.7946577872526109,raw_logit,average_precision,0.06915377825498581,0.7903028370040863,0.9522292993630573,0.937799043062201,0.9210526315789473,0.9545454545454546,0.6008583690987125,0.9938931297709923,0.7272727272727273,0.39914163090128757,42.31119199272066,5.45950864422202,0.10600545950864422,0.022683660616788552,0.0846520584255559,0.005125946665679288,10,0.11998794821716446,1953,93,12,140,matched_100hz,tiny_100hz,43
motion,10.0,0,7919.0,synthetic_stress_test,2198,152,0.06915377825498581,0.9756906930081805,0.7954463206762514,raw_logit,average_precision,0.06915377825498581,0.7916520932422253,0.9494995450409464,0.9393778618099502,0.9276315789473685,0.9511241446725318,0.5850622406639004,0.9943791517629024,0.7175572519083969,0.4149377593360996,45.49590536851683,5.004549590536851,0.10964513193812557,0.022753296833950595,0.08431506090548402,0.011363466077001469,10,0.11998794821716446,1946,100,11,141,matched_100hz,tiny_100hz,43
motion,10.0,1,7919.0,synthetic_stress_test,2198,152,0.06915377825498581,0.9763981067037093,0.7868360652753004,raw_logit,average_precision,0.06915377825498581,0.7824062838903222,0.9499545040946314,0.9365771466790143,0.9210526315789473,0.9521016617790812,0.5882352941176471,0.9938775510204082,0.717948717948718,0.4117647058823529,44.5859872611465,5.45950864422202,0.10828025477707007,0.023284081571487657,0.08556924158864025,0.006257297538726464,10,0.11998794821716446,1948,98,12,140,matched_100hz,tiny_100hz,43
motion,10.0,2,7919.0,synthetic_stress_test,2198,152,0.06915377825498581,0.9764045377373052,0.7991491401768592,raw_logit,average_precision,0.06915377825498581,0.7948471931166693,0.9490445859872612,0.9360883881257396,0.9210526315789473,0.9511241446725318,0.5833333333333334,0.9938712972420838,0.7142857142857143,0.4166666666666667,45.49590536851683,5.45950864422202,0.1091901728844404,0.022526154811628278,0.08355284800665098,0.007652382877048113,10,0.11998794821716446,1946,100,12,140,matched_100hz,tiny_100hz,43
motion,0.0,0,7919.0,synthetic_stress_test,2198,152,0.06915377825498581,0.9719478314554716,0.7741062919178974,raw_logit,average_precision,0.06915377825498581,0.7696800830425656,0.9499545040946314,0.9365771466790143,0.9210526315789473,0.9521016617790812,0.5882352941176471,0.9938775510204082,0.717948717948718,0.4117647058823529,44.5859872611465,5.45950864422202,0.10828025477707007,0.025652915979907015,0.09256697689255035,0.015279393159146677,10,0.11998794821716446,1948,98,12,140,matched_100hz,tiny_100hz,43
motion,0.0,1,7919.0,synthetic_stress_test,2198,152,0.06915377825498581,0.9769447445593455,0.7877949064979005,raw_logit,average_precision,0.06915377825498581,0.7834470269159591,0.9499545040946314,0.9457124299017339,0.9407894736842105,0.9506353861192571,0.5860655737704918,0.9953940634595702,0.7222222222222222,0.4139344262295082,45.950864422202,4.094631483166515,0.11101000909918107,0.025263778681257343,0.08802806389555361,0.012805297752267448,10,0.11998794821716446,1945,101,9,143,matched_100hz,tiny_100hz,43
motion,0.0,2,7919.0,synthetic_stress_test,2198,152,0.06915377825498581,0.9730378916499458,0.7487755955785589,raw_logit,average_precision,0.06915377825498581,0.7460743735412239,0.9467697907188353,0.9318213973349797,0.9144736842105263,0.9491691104594331,0.5720164609053497,0.9933503836317136,0.7037974683544304,0.4279835390946502,47.315741583257505,5.914467697907188,0.1105550500454959,0.02723068654662671,0.09592613384123763,0.014743799335511867,10,0.11998794821716446,1942,104,13,139,matched_100hz,tiny_100hz,43
retain_I_only,,0,,test_time_lead_ablation_not_single_lead_retraining,2198,152,0.06915377825498581,0.3720256469619797,0.05246092971006591,raw_logit,average_precision,0.06915377825498581,0.051755515120326674,0.8639672429481347,0.48234681277974994,0.039473684210526314,0.9252199413489736,0.03773584905660377,0.9283962726826875,0.03858520900321544,0.9622641509433962,69.60873521383076,66.42402183803458,0.07233848953594177,0.07002651690231694,0.3329643049794515,0.05022503629864281,10,0.11998794821716446,1893,153,146,6,matched_100hz,tiny_100hz,43
retain_II_only,,0,,test_time_lead_ablation_not_single_lead_retraining,2198,152,0.06915377825498581,0.49336317332921753,0.0695938764754509,raw_logit,average_precision,0.06915377825498581,0.06882574752562559,0.8671519563239308,0.4718770900859186,0.013157894736842105,0.9305962854349951,0.013888888888888888,0.9269717624148004,0.013513513513513514,0.9861111111111112,64.6041856232939,68.24385805277525,0.06551410373066424,0.06811409475186338,0.33192269600738766,0.05443521863926016,10,0.11998794821716446,1904,142,150,2,matched_100hz,tiny_100hz,43
gaussian,20.0,0,7919.0,synthetic_stress_test,2198,152,0.06915377825498581,0.9738289087822194,0.7034102386821394,raw_logit,average_precision,0.06915377825498581,0.7002966691778061,0.9654231119199272,0.896164531563513,0.8157894736842105,0.9765395894428153,0.7209302325581395,0.9861796643632774,0.7654320987654321,0.27906976744186046,21.83803457688808,12.738853503184714,0.07825295723384895,0.028317861686322676,0.09539684452596998,0.022660742177494513,10,0.40693049387163316,1998,48,28,124,matched_100hz,tiny_100hz,44
gaussian,20.0,1,7919.0,synthetic_stress_test,2198,152,0.06915377825498581,0.9735684519215929,0.7101742491382754,raw_logit,average_precision,0.06915377825498581,0.7074173983948222,0.9658780709736123,0.8964089108401503,0.8157894736842105,0.97702834799609,0.7251461988304093,0.9861864824864331,0.7678018575851393,0.27485380116959063,21.383075523202912,12.738853503184714,0.07779799818016378,0.027869828905550804,0.09458653659512724,0.02086679114424546,10,0.40693049387163316,1999,47,28,124,matched_100hz,tiny_100hz,44
gaussian,20.0,2,7919.0,synthetic_stress_test,2198,152,0.06915377825498581,0.9734430467664763,0.7115375652166531,raw_logit,average_precision,0.06915377825498581,0.7085449761967946,0.9658780709736123,0.893363816432577,0.8092105263157895,0.9775171065493646,0.727810650887574,0.9857072449482503,0.7663551401869159,0.27218934911242604,20.928116469517743,13.193812556869881,0.07688808007279345,0.028015967069971157,0.094935473868623,0.01877310920793104,10,0.40693049387163316,2000,46,29,123,matched_100hz,tiny_100hz,44
gaussian,10.0,0,7919.0,synthetic_stress_test,2198,152,0.06915377825498581,0.9666486597725987,0.6634469269892158,raw_logit,average_precision,0.06915377825498581,0.6603929770090047,0.9563239308462238,0.8851867572156198,0.8026315789473685,0.967741935483871,0.648936170212766,0.9850746268656716,0.7176470588235294,0.35106382978723405,30.02729754322111,13.64877161055505,0.08553230209281165,0.033230176555659297,0.11605582164535148,0.031074373602945946,10,0.40693049387163316,1980,66,30,122,matched_100hz,tiny_100hz,44
gaussian,10.0,1,7919.0,synthetic_stress_test,2198,152,0.06915377825498581,0.9685747543345167,0.6822103845045024,raw_logit,average_precision,0.06915377825498581,0.6788289275147711,0.9554140127388535,0.8755627154396255,0.7828947368421053,0.9682306940371457,0.6467391304347826,0.9836146971201589,0.7083333333333334,0.3532608695652174,29.57233848953594,15.013648771610555,0.08371246587807098,0.03283756969998793,0.11455047143370048,0.029658366979221532,10,0.40693049387163316,1981,65,33,119,matched_100hz,tiny_100hz,44
gaussian,10.0,2,7919.0,synthetic_stress_test,2198,152,0.06915377825498581,0.9646839790091063,0.6596296140112898,raw_logit,average_precision,0.06915377825498581,0.6567330558742621,0.9563239308462238,0.8882318516231928,0.8092105263157895,0.9672531769305963,0.6473684210526316,0.9855577689243028,0.7192982456140351,0.3526315789473684,30.48225659690628,13.193812556869881,0.08644222020018198,0.033250598894802016,0.11594372970530945,0.02682070530654336,10,0.40693049387163316,1979,67,29,123,matched_100hz,tiny_100hz,44
gaussian,0.0,0,7919.0,synthetic_stress_test,2198,152,0.06915377825498581,0.900309332715954,0.37468688681748663,raw_logit,average_precision,0.06915377825498581,0.36968147922599004,0.8989990900818926,0.7569519473169728,0.5921052631578947,0.9217986314760508,0.36,0.9681724845995893,0.44776119402985076,0.64,72.79344858962693,28.207461328480438,0.11373976342129208,0.06115775310989284,0.21711124122421707,0.08485252184025158,10,0.40693049387163316,1886,160,62,90,matched_100hz,tiny_100hz,44
gaussian,0.0,1,7919.0,synthetic_stress_test,2198,152,0.06915377825498581,0.9011325050162062,0.37130158026789584,raw_logit,average_precision,0.06915377825498581,0.3679629863236575,0.8976342129208371,0.7501286206719144,0.5789473684210527,0.9213098729227761,0.3534136546184739,0.9671626475115443,0.4389027431421446,0.6465863453815262,73.2484076433121,29.117379435850772,0.11328480436760692,0.0614870240177271,0.2169298090153342,0.08439055350061424,10,0.40693049387163316,1885,161,64,88,matched_100hz,tiny_100hz,44
gaussian,0.0,2,7919.0,synthetic_stress_test,2198,152,0.06915377825498581,0.8979845140711015,0.3512616675579309,raw_logit,average_precision,0.06915377825498581,0.3473544695709953,0.8958143767060964,0.7308805371199258,0.5394736842105263,0.9222873900293255,0.34024896265560167,0.9642309657639244,0.4173027989821883,0.6597510373443983,72.33848953594176,31.84713375796178,0.10964513193812557,0.06275479569508097,0.2208953197615632,0.08713171796500736,10,0.40693049387163316,1887,159,70,82,matched_100hz,tiny_100hz,44
baseline,20.0,0,7919.0,synthetic_stress_test,2198,152,0.06915377825498581,0.9744077018058342,0.7122201680979791,raw_logit,average_precision,0.06915377825498581,0.709222309904626,0.967697907188353,0.903476616761846,0.8289473684210527,0.9780058651026393,0.7368421052631579,0.9871731623088308,0.7801857585139319,0.2631578947368421,20.473157415832574,11.828935395814376,0.07779799818016378,0.027705778508884792,0.09314486330910873,0.019513801970805104,10,0.40693049387163316,2001,45,26,126,matched_100hz,tiny_100hz,44
baseline,20.0,1,7919.0,synthetic_stress_test,2198,152,0.06915377825498581,0.9744559345578021,0.7048351393965067,raw_logit,average_precision,0.06915377825498581,0.7017561899957604,0.9672429481346679,0.9032322374852086,0.8289473684210527,0.9775171065493646,0.7325581395348837,0.9871668311944719,0.7777777777777778,0.26744186046511625,20.928116469517743,11.828935395814376,0.07825295723384895,0.02777038260675675,0.09319668247065849,0.019198734086922645,10,0.40693049387163316,2000,46,26,126,matched_100hz,tiny_100hz,44
baseline,20.0,2,7919.0,synthetic_stress_test,2198,152,0.06915377825498581,0.9742790811339199,0.7066494426361146,raw_logit,average_precision,0.06915377825498581,0.703601484199638,0.967697907188353,0.903476616761846,0.8289473684210527,0.9780058651026393,0.7368421052631579,0.9871731623088308,0.7801857585139319,0.2631578947368421,20.473157415832574,11.828935395814376,0.07779799818016378,0.02787673107252111,0.09358142379878613,0.020665375143812736,10,0.40693049387163316,2001,45,26,126,matched_100hz,tiny_100hz,44
baseline,10.0,0,7919.0,synthetic_stress_test,2198,152,0.06915377825498581,0.9744012707722386,0.7085610544998109,raw_logit,average_precision,0.06915377825498581,0.7050471510923884,0.9640582347588716,0.8862961105108813,0.7960526315789473,0.9765395894428153,0.7159763313609467,0.9847215377033022,0.7538940809968847,0.28402366863905326,21.83803457688808,14.103730664240219,0.07688808007279345,0.02806443684346532,0.0939322469555428,0.01639679516352359,10,0.40693049387163316,1998,48,31,121,matched_100hz,tiny_100hz,44
baseline,10.0,1,7919.0,synthetic_stress_test,2198,152,0.06915377825498581,0.9746327879816845,0.7224964971585642,raw_logit,average_precision,0.06915377825498581,0.7195501669404495,0.9667879890809827,0.899942763800998,0.8223684210526315,0.9775171065493646,0.7309941520467836,0.986679822397632,0.7739938080495357,0.26900584795321636,20.928116469517743,12.283894449499545,0.07779799818016378,0.0275306448768937,0.09318105910673287,0.01972220572732243,10,0.40693049387163316,2000,46,27,125,matched_100hz,tiny_100hz,44
baseline,10.0,2,7919.0,synthetic_stress_test,2198,152,0.06915377825498581,0.9740121932396976,0.7191995627751664,raw_logit,average_precision,0.06915377825498581,0.7164001476709871,0.9654231119199272,0.8900743427483666,0.8026315789473685,0.9775171065493646,0.7261904761904762,0.9852216748768473,0.7625,0.27380952380952384,20.928116469517743,13.64877161055505,0.07643312101910828,0.02796296987213024,0.09423875796957643,0.019857574726183387,10,0.40693049387163316,2000,46,30,122,matched_100hz,tiny_100hz,44
baseline,0.0,0,7919.0,synthetic_stress_test,2198,152,0.06915377825498581,0.9748964603591089,0.7387751840755655,raw_logit,average_precision,0.06915377825498581,0.7368933169171186,0.9640582347588716,0.8741157328805886,0.7697368421052632,0.978494623655914,0.7267080745341615,0.9828178694158075,0.7476038338658147,0.2732919254658385,20.018198362147405,15.92356687898089,0.0732484076433121,0.029355021895815056,0.09840689283375496,0.023007674858278617,10,0.40693049387163316,2002,44,35,117,matched_100hz,tiny_100hz,44
baseline,0.0,1,7919.0,synthetic_stress_test,2198,152,0.06915377825498581,0.975237305139682,0.7206950556625641,raw_logit,average_precision,0.06915377825498581,0.7165943765588574,0.9672429481346679,0.87582638781705,0.7697368421052632,0.9819159335288368,0.7597402597402597,0.9828767123287672,0.7647058823529411,0.24025974025974026,16.833484986351227,15.92356687898089,0.07006369426751592,0.029193254827333297,0.09803581396793352,0.02386041246395066,10,0.40693049387163316,2009,37,35,117,matched_100hz,tiny_100hz,44
baseline,0.0,2,7919.0,synthetic_stress_test,2198,152,0.06915377825498581,0.9705426506148067,0.7035421476388694,raw_logit,average_precision,0.06915377825498581,0.7000730962254101,0.95950864422202,0.8503562792612029,0.7236842105263158,0.97702834799609,0.7006369426751592,0.979421852033317,0.7119741100323624,0.29936305732484075,21.383075523202912,19.10828025477707,0.07142857142857142,0.03003801128299481,0.10124660188356172,0.021487364898423796,10,0.40693049387163316,1999,47,42,110,matched_100hz,tiny_100hz,44
motion,20.0,0,7919.0,synthetic_stress_test,2198,152,0.06915377825498581,0.9740057622061017,0.7086563072263176,raw_logit,average_precision,0.06915377825498581,0.7056574062672013,0.9667879890809827,0.899942763800998,0.8223684210526315,0.9775171065493646,0.7309941520467836,0.986679822397632,0.7739938080495357,0.26900584795321636,20.928116469517743,12.283894449499545,0.07779799818016378,0.0278370595988832,0.09355540511425382,0.020772532101106307,10,0.40693049387163316,2000,46,27,125,matched_100hz,tiny_100hz,44
motion,20.0,1,7919.0,synthetic_stress_test,2198,152,0.06915377825498581,0.9742469259659413,0.7065178936885058,raw_logit,average_precision,0.06915377825498581,0.7034584596871389,0.9645131938125568,0.892630678602665,0.8092105263157895,0.9760508308895406,0.7151162790697675,0.9856860809476802,0.7592592592592593,0.28488372093023256,22.29299363057325,13.193812556869881,0.07825295723384895,0.027858646337856573,0.09354793127011854,0.017961206697851773,10,0.40693049387163316,1997,49,29,123,matched_100hz,tiny_100hz,44
motion,20.0,2,7919.0,synthetic_stress_test,2198,152,0.06915377825498581,0.9739671760045274,0.7042404397544177,raw_logit,average_precision,0.06915377825498581,0.701135187849906,0.9686078252957234,0.910055564130267,0.8421052631578947,0.9780058651026393,0.7398843930635838,0.9881481481481481,0.7876923076923077,0.26011560693641617,20.473157415832574,10.91901728844404,0.07870791628753412,0.027989848028925388,0.09404256853677283,0.021264695007710596,10,0.40693049387163316,2001,45,24,128,matched_100hz,tiny_100hz,44
motion,10.0,0,7919.0,synthetic_stress_test,2198,152,0.06915377825498581,0.9730475382003396,0.7061786259765606,raw_logit,average_precision,0.06915377825498581,0.7026533590564688,0.9686078252957234,0.9070104697226938,0.8355263157894737,0.978494623655914,0.7426900584795322,0.9876665022200296,0.7863777089783281,0.2573099415204678,20.018198362147405,11.373976342129207,0.07779799818016378,0.028226375824785467,0.09550225022910365,0.020393232156566136,10,0.40693049387163316,2002,44,25,127,matched_100hz,tiny_100hz,44
motion,10.0,1,7919.0,synthetic_stress_test,2198,152,0.06915377825498581,0.9747196069352266,0.7199414622510606,raw_logit,average_precision,0.06915377825498581,0.7171199658781264,0.9654231119199272,0.896164531563513,0.8157894736842105,0.9765395894428153,0.7209302325581395,0.9861796643632774,0.7654320987654321,0.27906976744186046,21.83803457688808,12.738853503184714,0.07825295723384895,0.027994271521319128,0.09389020477547931,0.01941722152463261,10,0.40693049387163316,1998,48,28,124,matched_100hz,tiny_100hz,44
motion,10.0,2,7919.0,synthetic_stress_test,2198,152,0.06915377825498581,0.9746970983176416,0.7199397794409486,raw_logit,average_precision,0.06915377825498581,0.7171278361732525,0.9654231119199272,0.8870292483407933,0.7960526315789473,0.9780058651026393,0.7289156626506024,0.984744094488189,0.7610062893081762,0.2710843373493976,20.473157415832574,14.103730664240219,0.07552320291173795,0.02810506719747386,0.09416560770584295,0.018180305667854554,10,0.40693049387163316,2001,45,31,121,matched_100hz,tiny_100hz,44
motion,0.0,0,7919.0,synthetic_stress_test,2198,152,0.06915377825498581,0.9728095899572979,0.7111415058687176,raw_logit,average_precision,0.06915377825498581,0.7061490288599679,0.9613284804367607,0.83001813551474,0.6776315789473685,0.9824046920821115,0.7410071942446043,0.9762020398251579,0.7079037800687286,0.2589928057553957,16.37852593266606,22.29299363057325,0.0632393084622384,0.03077777486069947,0.10260444617542146,0.022175248594122458,10,0.40693049387163316,2010,36,49,103,matched_100hz,tiny_100hz,44
motion,0.0,1,7919.0,synthetic_stress_test,2198,152,0.06915377825498581,0.975012218963832,0.7072931366566133,raw_logit,average_precision,0.06915377825498581,0.7021987746151692,0.9608735213830755,0.8267286618305294,0.6710526315789473,0.9824046920821115,0.7391304347826086,0.9757281553398058,0.7034482758620689,0.2608695652173913,16.37852593266606,22.747952684258415,0.06278434940855324,0.031065572132553964,0.10204109947767565,0.021593034158651943,10,0.40693049387163316,2010,36,50,102,matched_100hz,tiny_100hz,44
motion,0.0,2,7919.0,synthetic_stress_test,2198,152,0.06915377825498581,0.9722082883160982,0.7071236406110183,raw_logit,average_precision,0.06915377825498581,0.7019987110585394,0.9631483166515014,0.8309956526212894,0.6776315789473685,0.9843597262952102,0.762962962962963,0.9762481822588464,0.7177700348432056,0.23703703703703705,14.558689717925386,22.29299363057325,0.061419472247497726,0.030944143871725387,0.10297273459787076,0.021152244035086164,10,0.40693049387163316,2014,32,49,103,matched_100hz,tiny_100hz,44
retain_I_only,,0,,test_time_lead_ablation_not_single_lead_retraining,2198,152,0.06915377825498581,0.4283904409116633,0.06498351618344705,raw_logit,average_precision,0.06915377825498581,0.06304013576253766,0.8125568698817106,0.49127308741060866,0.11842105263157894,0.8641251221896383,0.060810810810810814,0.9295478443743428,0.08035714285714286,0.9391891891891891,126.4786169244768,60.96451319381256,0.13466787989080983,0.11327398784542075,0.41026792219911,0.15505448733008637,10,0.40693049387163316,1768,278,134,18,matched_100hz,tiny_100hz,44
retain_II_only,,0,,test_time_lead_ablation_not_single_lead_retraining,2198,152,0.06915377825498581,0.44800830889540566,0.06049076073029422,raw_logit,average_precision,0.06915377825498581,0.05903215653591346,0.6428571428571429,0.4336156557081854,0.19078947368421054,0.6764418377321603,0.041968162083936326,0.9183808891838089,0.06880189798339265,0.9580318379160637,301.1828935395814,55.9599636032757,0.3143767060964513,0.1706660625166346,0.5216240688612014,0.23047502011532062,10,0.40693049387163316,1384,662,123,29,matched_100hz,tiny_100hz,44
