scope,model,condition,snr_db_at_100hz,kind,auroc_mean,auroc_seed_sd,auprc_mean,auprc_seed_sd,n_seeds
matched_100hz,reference_100hz,baseline,0.0,synthetic_stress_test,0.9758618299577554,0.0006205959761121228,0.8299385576270181,0.0210458706362828,3
matched_100hz,reference_100hz,baseline,10.0,synthetic_stress_test,0.9776371525098181,0.0016564011045614594,0.8519911685647447,0.007517273731532594,3
matched_100hz,reference_100hz,baseline,20.0,synthetic_stress_test,0.9783363487735303,0.0016528410877322869,0.8521121846234029,0.007225200169355139,3
matched_100hz,reference_100hz,gaussian,0.0,synthetic_stress_test,0.8459963957629492,0.013794943381139594,0.40148173620221383,0.033356041168134405,3
matched_100hz,reference_100hz,gaussian,10.0,synthetic_stress_test,0.971080713758982,0.003060916030527978,0.8234544877349451,0.012072859784704276,3
matched_100hz,reference_100hz,gaussian,20.0,synthetic_stress_test,0.9775635529031114,0.001864967197173768,0.8519077242503278,0.006973632926092922,3
matched_100hz,reference_100hz,motion,0.0,synthetic_stress_test,0.9773145289910995,0.0014075008343772495,0.8355556335124495,0.016180236048359064,3
matched_100hz,reference_100hz,motion,10.0,synthetic_stress_test,0.977998362230111,0.0017848496715180825,0.8537771820210108,0.005390572962459057,3
matched_100hz,reference_100hz,motion,20.0,synthetic_stress_test,0.9781509206381872,0.001745025653726525,0.8534635223132389,0.007282362028868392,3
matched_100hz,reference_100hz,retain_II_only,,test_time_lead_ablation_not_single_lead_retraining,0.5243832638781705,0.017590824603674636,0.07714429059497634,0.003910462384418271,3
matched_100hz,reference_100hz,retain_I_only,,test_time_lead_ablation_not_single_lead_retraining,0.5120281765018607,0.028968300533317115,0.08121940584340165,0.002878273081300323,3
matched_100hz,tiny_100hz,baseline,0.0,synthetic_stress_test,0.9685165177525109,0.009898171127429828,0.6824398388670162,0.11138506157948819,3
matched_100hz,tiny_100hz,baseline,10.0,synthetic_stress_test,0.9723129712518507,0.004953631077622517,0.7265190475849717,0.06223839040729956,3
matched_100hz,tiny_100hz,baseline,20.0,synthetic_stress_test,0.9726189812671137,0.0037801977651607055,0.7337641575003958,0.04895057675454804,3
matched_100hz,tiny_100hz,gaussian,0.0,synthetic_stress_test,0.8036864470968886,0.11850529915628495,0.278860186480818,0.10938668576594852,3
matched_100hz,tiny_100hz,gaussian,10.0,synthetic_stress_test,0.9522715482499015,0.023186289340354594,0.6555595279921153,0.0933373715704444,3
matched_100hz,tiny_100hz,gaussian,20.0,synthetic_stress_test,0.9710855370341789,0.005071234818069225,0.7322242863868215,0.052111749382020234,3
matched_100hz,tiny_100hz,motion,0.0,synthetic_stress_test,0.9668623129998343,0.011778361625984248,0.6798955012642064,0.10753816804371112,3
matched_100hz,tiny_100hz,motion,10.0,synthetic_stress_test,0.9724314094539053,0.004831018565168827,0.7337107801154495,0.053345052522558695,3
matched_100hz,tiny_100hz,motion,20.0,synthetic_stress_test,0.9722357988487021,0.004355348668565047,0.7331791380582011,0.05174967428324243,3
matched_100hz,tiny_100hz,retain_II_only,,test_time_lead_ablation_not_single_lead_retraining,0.4685190187100204,0.02298586500130317,0.06469450824743213,0.004591252029401638,3
matched_100hz,tiny_100hz,retain_I_only,,test_time_lead_ablation_not_single_lead_retraining,0.382137375452316,0.042117629060504695,0.05899052471899676,0.006278514993116517,3
