scope,model,seed,fitted_threshold,bootstrap_median,patient_ci_lower,patient_ci_upper,valid_replicates
matched_100hz,reference_100hz,42,0.33547660015868663,0.33547660015868663,0.0375548486292839,0.6431587090722368,200
matched_100hz,reference_100hz,43,0.34686306307715054,0.34686306307715054,0.34686306307715054,0.476468984748559,200
matched_100hz,reference_100hz,44,0.1958772282973742,0.1958772282973742,0.1958772282973742,0.3930949972765187,200
matched_100hz,tiny_100hz,42,0.016031658962758207,0.06805653339311507,0.016031658962758207,0.5025499472409457,200
matched_100hz,tiny_100hz,43,0.11998794821716446,0.11998794821716446,0.0493051396147584,0.40672037075167766,200
matched_100hz,tiny_100hz,44,0.40693049387163316,0.40693049387163316,0.148660315689393,0.4309966048623918,200
benchmark_100hz,afficient_419,42,0.27515616418017813,0.27515616418017813,0.1400351984121524,0.3942807325198185,200
benchmark_100hz,afficient_419,43,0.19980610619138825,0.19980610619138825,0.05950196851558024,0.28444255845533,200
benchmark_100hz,afficient_419,44,0.055837530318484395,0.06303309364915975,0.03389113817326858,0.18796667972990272,200
benchmark_100hz,basso_ph_multiscopic,42,0.15602681300213952,0.15602681300213952,0.01970036527003927,0.4946477457089232,200
benchmark_100hz,basso_ph_multiscopic,43,0.48103931105972175,0.48103931105972175,0.01140144483728682,0.6023136987490976,200
benchmark_100hz,basso_ph_multiscopic,44,0.19722929627854363,0.19722929627854363,0.02172437499604496,0.5468011463621097,200
benchmark_100hz,busia_transformer,42,0.2527452811494476,0.2527452811494476,0.14120632922107812,0.3801039628737381,200
benchmark_100hz,busia_transformer,43,0.10300712282825168,0.10300712282825168,0.02780513510631399,0.3882190705370824,200
benchmark_100hz,busia_transformer,44,0.1488369701155635,0.1488369701155635,0.1488369701155635,0.42970160373598565,200
benchmark_100hz,smaller_238,42,0.024032146254221183,0.024032146254221183,0.014960410722670684,0.20478301347347863,200
benchmark_100hz,smaller_238,43,0.054044348174139806,0.057231376436774874,0.040109925096543035,0.10874322253308356,200
benchmark_100hz,smaller_238,44,0.10406515460284751,0.10406515460284751,0.04234893268184023,0.12790608838749387,200
